{
	"info": {
		"_postman_id": "1dcfc789-b84b-4b82-a868-0656b49fe91f",
		"name": "API Oppen Mexico",
		"schema": "https://schema.getpostman.com/json/collection/v2.1.0/collection.json"
	},
	"item": [
		{
			"name": "Authenticate",
			"request": {
				"method": "POST",
				"header": [],
				"body": {
					"mode": "raw",
					"raw": "{\r\n    \"username\": \"API_BR\",\r\n    \"md5password\": \"821e33a6e2f22d473a1508d0d4b54381\"\r\n}\r\n",
					"options": {
						"raw": {
							"language": "json"
						}
					}
				},
				"url": {
					"raw": "https://demant.oppen.io/report/authenticate",
					"protocol": "https",
					"host": [
						"demant",
						"oppen",
						"io"
					],
					"path": [
						"report",
						"authenticate"
					]
				}
			},
			"response": []
		},
		{
			"name": "SalesOrderList",
			"request": {
				"auth": {
					"type": "bearer",
					"bearer": [
						{
							"key": "token",
							"value": "eyJhbGciOiJIUzI1NiIsInR5cCI6IkpXVCJ9.eyJ1c2VyIjoiQVBJX0JSIiwicGVybWlzc2lvbnMiOltdLCJpYXQiOjE2NDQ1MjczMDAsImV4cCI6MTY0NDUzMDkwMH0.cQWwcT_KgjLeWBBfYZBQveZ71_u-ilYKRHBvrB9PHRw",
							"type": "string"
						}
					]
				},
				"method": "GET",
				"header": [],
				"url": {
					"raw": "https://demant.oppen.io/report/SalesOrderList",
					"protocol": "https",
					"host": [
						"demant",
						"oppen",
						"io"
					],
					"path": [
						"report",
						"SalesOrderList"
					]
				}
			},
			"response": []
		},
		{
			"name": "InvoiceList",
			"request": {
				"auth": {
					"type": "bearer",
					"bearer": [
						{
							"key": "token",
							"value": "eyJhbGciOiJIUzI1NiIsInR5cCI6IkpXVCJ9.eyJ1c2VyIjoiQVBJX0JSIiwicGVybWlzc2lvbnMiOltdLCJpYXQiOjE2NDQ1MjczMDAsImV4cCI6MTY0NDUzMDkwMH0.cQWwcT_KgjLeWBBfYZBQveZ71_u-ilYKRHBvrB9PHRw",
							"type": "string"
						}
					]
				},
				"method": "GET",
				"header": [],
				"url": {
					"raw": "https://demant.oppen.io/report/InvoiceList?format=JSON&Detail=1 ",
					"protocol": "https",
					"host": [
						"demant",
						"oppen",
						"io"
					],
					"path": [
						"report",
						"InvoiceList"
					],
					"query": [
						{
							"key": "format",
							"value": "JSON"
						},
						{
							"key": "Detail",
							"value": "1 "
						}
					]
				}
			},
			"response": []
		},
		{
			"name": "AccReceivable",
			"request": {
				"auth": {
					"type": "bearer",
					"bearer": [
						{
							"key": "token",
							"value": "eyJhbGciOiJIUzI1NiIsInR5cCI6IkpXVCJ9.eyJ1c2VyIjoiQVBJX0JSIiwicGVybWlzc2lvbnMiOltdLCJpYXQiOjE2NDQ1MjczMDAsImV4cCI6MTY0NDUzMDkwMH0.cQWwcT_KgjLeWBBfYZBQveZ71_u-ilYKRHBvrB9PHRw",
							"type": "string"
						}
					]
				},
				"method": "GET",
				"header": [],
				"url": {
					"raw": "https://demant.oppen.io/report/AccReceivable?format=JSON",
					"protocol": "https",
					"host": [
						"demant",
						"oppen",
						"io"
					],
					"path": [
						"report",
						"AccReceivable"
					],
					"query": [
						{
							"key": "format",
							"value": "JSON"
						}
					]
				}
			},
			"response": []
		},
		{
			"name": "StockList",
			"request": {
				"auth": {
					"type": "bearer",
					"bearer": [
						{
							"key": "token",
							"value": "eyJhbGciOiJIUzI1NiIsInR5cCI6IkpXVCJ9.eyJ1c2VyIjoiQVBJX0JSIiwicGVybWlzc2lvbnMiOltdLCJpYXQiOjE2NDQ1MjczMDAsImV4cCI6MTY0NDUzMDkwMH0.cQWwcT_KgjLeWBBfYZBQveZ71_u-ilYKRHBvrB9PHRw",
							"type": "string"
						}
					]
				},
				"method": "GET",
				"header": [],
				"url": {
					"raw": "https://demant.oppen.io/report/StockList?format=JSON&DetailLevel=3",
					"protocol": "https",
					"host": [
						"demant",
						"oppen",
						"io"
					],
					"path": [
						"report",
						"StockList"
					],
					"query": [
						{
							"key": "format",
							"value": "JSON"
						},
						{
							"key": "DetailLevel",
							"value": "3"
						}
					]
				}
			},
			"response": []
		}
	]
}