[{
    "Etiqueta": "UN-ACTIVOFIJO",
    "Descripción": "ACTIVO FIJO",
    "Total": "0.00",
    "subrows": [{
        "Cuenta": "1110-001-000",
        "Nombre": "CAJA CHICA",
        "Monto": "0.00"
    }, {
        "Cuenta": "1120-001-001",
        "Nombre": "BBVA BANCOMER 0185130662",
        "Monto": "278,107.65"
    }, {
        "Cuenta": "1120-001-002",
        "Nombre": "BBVA BANCOMER 1087809948",
        "Monto": "22,635,559.23"
    }, {
        "Cuenta": "1120-001-003",
        "Nombre": "BANAMEX 7216419",
        "Monto": "407.96"
    }, {
        "Cuenta": "1120-002-001",
        "Nombre": "BBVA BANCOMER 0117171811",
        "Monto": "14,364,000.71"
    }, {
        "Cuenta": "1120-002-002",
        "Nombre": "BBVA BANCOMER COMPL 0117171811",
        "Monto": "2,838,532.22"
    }, {
        "Cuenta": "1150-001-001",
        "Nombre": "CLIENTES MOSTRADOR",
        "Monto": "270,652.71"
    }, {
        "Cuenta": "1150-001-002",
        "Nombre": "PERSONAS FISICAS",
        "Monto": "1,241,687.81"
    }, {
        "Cuenta": "1150-001-003",
        "Nombre": "PERSONAS MORALES",
        "Monto": "1,374,309.94"
    }, {
        "Cuenta": "1150-001-004",
        "Nombre": "Distribuidora de Eq. Audiologicos",
        "Monto": "2,016,091.16"
    }, {
        "Cuenta": "1150-001-005",
        "Nombre": "Representaciones y Dist. del Rello",
        "Monto": "5,214,693.43"
    }, {
        "Cuenta": "1150-001-006",
        "Nombre": "Biomedics & Reahbilitacion",
        "Monto": "1,010,384.66"
    }, {
        "Cuenta": "1150-001-007",
        "Nombre": "Audiomedical Distribución de",
        "Monto": "1,162,298.88"
    }, {
        "Cuenta": "1150-001-008",
        "Nombre": "Fundación Instituto Otologico",
        "Monto": "3,015.71"
    }, {
        "Cuenta": "1150-001-009",
        "Nombre": "Centros Auditivos Gaes México S.A. de C.",
        "Monto": "2,099.78"
    }, {
        "Cuenta": "1150-001-015",
        "Nombre": "Instituto de Udiología y Otoneurología d",
        "Monto": "2,811.96"
    }, {
        "Cuenta": "1150-001-016",
        "Nombre": "Instituto Otolonogico Monterrey SA de CV",
        "Monto": "277,952.09"
    }, {
        "Cuenta": "1150-001-017",
        "Nombre": "COMPAÑIA DE AUDIOLOGIA Y SISTEMAS MEDICO",
        "Monto": "1,949,555.59"
    }, {
        "Cuenta": "1150-001-018",
        "Nombre": "COSTCO DE MEXICO SA DE CV",
        "Monto": "1,162,139.61"
    }, {
        "Cuenta": "1150-001-019",
        "Nombre": "DEMANT OPERATIONS",
        "Monto": "1,431,561.33"
    }, {
        "Cuenta": "1150-001-021",
        "Nombre": "UNITECH FOAM SA DE CV",
        "Monto": "-1,350,368.02"
    }, {
        "Cuenta": "1150-002-001",
        "Nombre": "OTICON AS",
        "Monto": "4,772,705.92"
    }, {
        "Cuenta": "1151-001-000",
        "Nombre": "COMPENSACION ",
        "Monto": "763,439.51"
    }, {
        "Cuenta": "1170-001-001",
        "Nombre": "Felipe Palma P.",
        "Monto": "-61,962.86"
    }, {
        "Cuenta": "1170-001-002",
        "Nombre": "Ma. Eugenia del Olmo",
        "Monto": "-25,503.04"
    }, {
        "Cuenta": "1170-001-003",
        "Nombre": "Ma. Eugenia del Olmo",
        "Monto": "-102.52"
    }, {
        "Cuenta": "1170-001-004",
        "Nombre": "Hernandez Osorio Cecilia",
        "Monto": "5,213.68"
    }, {
        "Cuenta": "1170-001-009",
        "Nombre": "ALEJANDRO MORENO",
        "Monto": "1,517.72"
    }, {
        "Cuenta": "1170-001-011",
        "Nombre": "JAVIER ROMO",
        "Monto": "1,740.00"
    }, {
        "Cuenta": "1170-001-012",
        "Nombre": "LORENA HERNANDEZ GARZA",
        "Monto": "-320.00"
    }, {
        "Cuenta": "1170-001-013",
        "Nombre": "MARIANA ESCOBEDO TORRES",
        "Monto": "0.00"
    }, {
        "Cuenta": "1170-002-001",
        "Nombre": "MORTEN HELLBERG PEDERSEN",
        "Monto": "449,778.23"
    }, {
        "Cuenta": "1170-003-002",
        "Nombre": "\"Barrera Sucesores, S.C.\"",
        "Monto": "-2,172,950.84"
    }, {
        "Cuenta": "1170-003-004",
        "Nombre": "Diferencias por redondeo",
        "Monto": "7,396.95"
    }, {
        "Cuenta": "1170-003-006",
        "Nombre": "Rogelio Rodrigo Orozco Pérez",
        "Monto": "-0.01"
    }, {
        "Cuenta": "1170-003-012",
        "Nombre": "AB&C LEASING DE MEXICO SAPI DE CV",
        "Monto": "165,886.00"
    }, {
        "Cuenta": "1170-003-015",
        "Nombre": "ADT PRIVATE SECURITY SERVICES",
        "Monto": "2,709.64"
    }, {
        "Cuenta": "1170-003-016",
        "Nombre": "AUTOMOTRIZ SAN ANGEL",
        "Monto": "10,738.40"
    }, {
        "Cuenta": "1170-003-017",
        "Nombre": "TELEVIA",
        "Monto": "2,620.47"
    }, {
        "Cuenta": "1170-003-018",
        "Nombre": "VOLKSWAGEN LEASING",
        "Monto": "51,649.32"
    }, {
        "Cuenta": "1170-003-019",
        "Nombre": "DALTON AUTOS DE ORIENTE",
        "Monto": "7,101.00"
    }, {
        "Cuenta": "1170-003-021",
        "Nombre": "B BRAUN AESCULAP DE MEXICO",
        "Monto": "324.80"
    }, {
        "Cuenta": "1170-003-022",
        "Nombre": "RADIO MOVIL DIPSA",
        "Monto": "19,378.00"
    }, {
        "Cuenta": "1170-003-023",
        "Nombre": "OTROS DEUDORES",
        "Monto": "747,037.11"
    }, {
        "Cuenta": "1170-003-024",
        "Nombre": "EFECTIVALE",
        "Monto": "-104,780.49"
    }, {
        "Cuenta": "1180-001-000",
        "Nombre": "IVA A FAVOR",
        "Monto": "8,249,271.85"
    }, {
        "Cuenta": "1180-002-000",
        "Nombre": "ISR A FAVOR",
        "Monto": "-0.45"
    }, {
        "Cuenta": "1180-003-000",
        "Nombre": "SUBSIDIO AL EMPLEO",
        "Monto": "1,250.69"
    }, {
        "Cuenta": "1190-001-000",
        "Nombre": "ALMACEN",
        "Monto": "0.00"
    }, {
        "Cuenta": "1190-002-000",
        "Nombre": "MERCANCIA EN TRANSITO",
        "Monto": "-0.00"
    }, {
        "Cuenta": "1200-001-000",
        "Nombre": "IVA ACREDITABLE PAGADO",
        "Monto": "6,392.10"
    }, {
        "Cuenta": "1200-002-000",
        "Nombre": "IVA ACREDITABLE DE IMPORTACION PAGADO",
        "Monto": "-4,835,337.00"
    }, {
        "Cuenta": "1201-001-000",
        "Nombre": "IVA POR ACREDITAR",
        "Monto": "-4,708,374.80"
    }, {
        "Cuenta": "1210-001-000",
        "Nombre": "SEGUROS Y FIANZAS",
        "Monto": "502,729.00"
    }, {
        "Cuenta": "1220-001-000",
        "Nombre": "PAGOS PROVISIONALES DE ISR",
        "Monto": "3,030,149.00"
    }, {
        "Cuenta": "1310-002-000",
        "Nombre": "EDIFICIOS",
        "Monto": "3,539,310.08"
    }, {
        "Cuenta": "1310-003-000",
        "Nombre": "EQUIPO DE TRANSPORTE",
        "Monto": "567,922.41"
    }, {
        "Cuenta": "1310-004-000",
        "Nombre": "EQUIPO DE COMPUTO",
        "Monto": "904,969.57"
    }, {
        "Cuenta": "1310-005-000",
        "Nombre": "EQUIPO DE OFICINA",
        "Monto": "761,971.26"
    }, {
        "Cuenta": "1310-006-000",
        "Nombre": "EQUIPO MEDICO",
        "Monto": "446,686.11"
    }, {
        "Cuenta": "1310-007-000",
        "Nombre": "EQUIPO DE TELECOMUNICACIONES",
        "Monto": "11,352.72"
    }, {
        "Cuenta": "1310-008-000",
        "Nombre": "ACTIVO FIJO EN PROCESO",
        "Monto": "-144,075.13"
    }, {
        "Cuenta": "1310-009-000",
        "Nombre": "MAQUINARIA Y EQUIPO",
        "Monto": "1,320,503.77"
    }, {
        "Cuenta": "1310-010-000",
        "Nombre": "LICENCIAS DE SOFTWARE",
        "Monto": "412,841.86"
    }, {
        "Cuenta": "1360-001-000",
        "Nombre": "DEPRECIACION DE EDIFICIOS",
        "Monto": "-1,732,591.76"
    }, {
        "Cuenta": "1360-002-000",
        "Nombre": "DEPRECIACION EQUIPO DE TRANSPORTE",
        "Monto": "-456,504.09"
    }, {
        "Cuenta": "1360-003-000",
        "Nombre": "DEPRECIACION EQUIPO DE COMPUTO",
        "Monto": "-806,877.01"
    }, {
        "Cuenta": "1360-004-000",
        "Nombre": "DEPRECIACION DE EQUIPO DE OFICINA",
        "Monto": "-326,525.46"
    }, {
        "Cuenta": "1360-005-000",
        "Nombre": "DEPRECIACION DE EQUIPO MEDICO",
        "Monto": "-267,203.61"
    }, {
        "Cuenta": "1360-006-000",
        "Nombre": "DEPRECIACION DE EQUIPO DE TELECOMUNICACI",
        "Monto": "-11,352.72"
    }, {
        "Cuenta": "1360-007-000",
        "Nombre": "DEPRECIACIÓN MAQ. Y EQUIPO",
        "Monto": "-286,109.20"
    }, {
        "Cuenta": "1360-008-000",
        "Nombre": "AMORTIZACIÓN LICENCIYAS DE SOFTWARE",
        "Monto": "-10,524.30"
    }, {
        "Cuenta": "1470-001-001",
        "Nombre": "Representaciones y distribuciones del Re",
        "Monto": "45,000.00"
    }, {
        "Cuenta": "1470-001-002",
        "Nombre": "ATANACIO PEREZ RUBIO",
        "Monto": "81,200.00"
    }, {
        "Cuenta": "2110-001-001",
        "Nombre": "Representaciones y Dist. del Rello",
        "Monto": "-27,222.88"
    }, {
        "Cuenta": "2110-001-002",
        "Nombre": "Proveedores Nacionales",
        "Monto": "1,213,248.43"
    }, {
        "Cuenta": "2110-002-001",
        "Nombre": "Interacoustics (73708 )",
        "Monto": "56,964.63"
    }, {
        "Cuenta": "2110-002-002",
        "Nombre": "Oticon A/S ( 74023 )",
        "Monto": "-117,028,983.85"
    }, {
        "Cuenta": "2110-002-005",
        "Nombre": "AMPLIVOX",
        "Monto": "0.00"
    }, {
        "Cuenta": "2110-002-008",
        "Nombre": "PROVEEDORES EXTRANJEROS GASTOS",
        "Monto": "5,260,805.00"
    }, {
        "Cuenta": "2120-001-000",
        "Nombre": "ACREEDORES DIVERSOS",
        "Monto": "0.00"
    }, {
        "Cuenta": "2120-002-000",
        "Nombre": "Reembolsos",
        "Monto": "16,323.80"
    }, {
        "Cuenta": "2140-003-000",
        "Nombre": "ISR POR PAGAR",
        "Monto": "-2,186,985.00"
    }, {
        "Cuenta": "2140-004-000",
        "Nombre": "IMPUESTO SOBRE NOMINAS",
        "Monto": "-364,211.63"
    }, {
        "Cuenta": "2140-005-000",
        "Nombre": "OTROS IMPUESTOS POR PAGAR",
        "Monto": "-894,370.25"
    }, {
        "Cuenta": "2140-006-000",
        "Nombre": "PTU",
        "Monto": "-123,255.01"
    }, {
        "Cuenta": "2150-001-000",
        "Nombre": "RETENCIONES ISR POR SUELDOS Y SALARIOS",
        "Monto": "-5,599,553.13"
    }, {
        "Cuenta": "2150-003-000",
        "Nombre": "RETENCIONES ISR 10% HONORARIOS",
        "Monto": "66.80"
    }, {
        "Cuenta": "2150-004-000",
        "Nombre": "RETENCIONES ISR 10% ARRENDAMIENTOS",
        "Monto": "-0.24"
    }, {
        "Cuenta": "2150-005-000",
        "Nombre": "RETENCIONES IVA PERSONAS FISICAS",
        "Monto": "72.72"
    }, {
        "Cuenta": "2150-006-000",
        "Nombre": "RETENCIONES IVA AUTOTRANSPORTISTAS",
        "Monto": "0.09"
    }, {
        "Cuenta": "2150-007-000",
        "Nombre": "RETENCIONES IMSS TRABAJADORES",
        "Monto": "-128,334.30"
    }, {
        "Cuenta": "2150-008-000",
        "Nombre": "RETENCION INFONAVIT",
        "Monto": "-27,675.25"
    }, {
        "Cuenta": "2150-009-000",
        "Nombre": "RETENCIÓN 6% IVA",
        "Monto": "-110.73"
    }, {
        "Cuenta": "2180-001-000",
        "Nombre": "IVA COBRADO",
        "Monto": "-337,312.70"
    }, {
        "Cuenta": "2181-001-000",
        "Nombre": "IVA NO COBRADO",
        "Monto": "9,689,258.59"
    }, {
        "Cuenta": "2190-001-000",
        "Nombre": "PERSONAS FISICAS",
        "Monto": "348,994.74"
    }, {
        "Cuenta": "2190-002-000",
        "Nombre": "PERSONAS MORALES",
        "Monto": "-636,852.82"
    }, {
        "Cuenta": "3100-001-001",
        "Nombre": "DEMANT A/S",
        "Monto": "-40,000.00"
    }, {
        "Cuenta": "3100-001-002",
        "Nombre": "Oticon A/S",
        "Monto": "-10,000.00"
    }, {
        "Cuenta": "3100-003-001",
        "Nombre": "DEMANT A/S",
        "Monto": "-7,305,634.35"
    }, {
        "Cuenta": "3300-001-000",
        "Nombre": "RESULTADO EJERCICIO 2012",
        "Monto": "3,829,621.57"
    }, {
        "Cuenta": "3300-002-000",
        "Nombre": "RESULTADO EJERCICIO 2013",
        "Monto": "2,598,133.09"
    }, {
        "Cuenta": "3300-003-000",
        "Nombre": "RESULTADO EJERCICIO 2014",
        "Monto": "-2,915,852.18"
    }, {
        "Cuenta": "3300-004-000",
        "Nombre": "RESULTADO EJERCICIO 2015",
        "Monto": "1,650,896.53"
    }, {
        "Cuenta": "3300-005-000",
        "Nombre": "RESULTADO EJERCICIO 2016",
        "Monto": "793,423.40"
    }, {
        "Cuenta": "3400-001-000",
        "Nombre": "Utilidad del ejercicio",
        "Monto": "-759,044.18"
    }, {
        "Cuenta": "3400-002-000",
        "Nombre": "Pérdida del ejercicio",
        "Monto": "846,179.95"
    }, {
        "Cuenta": "3400-003-000",
        "Nombre": "UTILIDAD DEL EJERCICIO 2019",
        "Monto": "-99,849.49"
    }, {
        "Cuenta": "3400-004-000",
        "Nombre": "UTILIDAD DEL EJERCICIO 2020",
        "Monto": "-721,070.97"
    }, {
        "Cuenta": "3400-005-000",
        "Nombre": "UTILIDAD DEL EJERCICIO 2021",
        "Monto": "-10,329,917.36"
    }, {
        "Cuenta": "5000-001-000",
        "Nombre": "Costo de venta Equipo",
        "Monto": "0.00"
    }, {
        "Cuenta": "5000-003-000",
        "Nombre": "Costo de venta Otros",
        "Monto": "0.00"
    }, {
        "Cuenta": "5000-004-000",
        "Nombre": "Costo de venta Consumibles",
        "Monto": "0.00"
    }, {
        "Cuenta": "5000-006-000",
        "Nombre": "Costo de venta Moldes",
        "Monto": "0.00"
    }, {
        "Cuenta": "5000-100-001",
        "Nombre": "Gastos Aduanales",
        "Monto": "2,483.51"
    }, {
        "Cuenta": "6100-012-002",
        "Nombre": "NO DEDUCIBLES",
        "Monto": "-0.00"
    }, {
        "Cuenta": "6200-012-002",
        "Nombre": "NO DEDUCIBLES",
        "Monto": "0.00"
    }, {
        "Cuenta": "6200-012-007",
        "Nombre": "RECARGOS",
        "Monto": "0.00"
    }, {
        "Cuenta": "7100-002-000",
        "Nombre": "UTILIDAD CAMBIARIA",
        "Monto": "-49,295.98"
    }, {
        "Cuenta": "7200-002-000",
        "Nombre": "PERDIDA CAMBIARIA",
        "Monto": "0.00"
    }, {
        "Cuenta": "7300-003-000",
        "Nombre": "TIPO DE CAMBIO TIJUANA",
        "Monto": "0.00"
    }, {
        "Cuenta": "1150-001-002",
        "Nombre": "PERSONAS FISICAS",
        "Monto": "0.00"
    }, {
        "Cuenta": "4100-005-000",
        "Nombre": "Ventas Cabinas",
        "Monto": "0.00"
    }]
}, {
    "Etiqueta": "UN-AMPLIVOX",
    "Descripción": "AMPLIVOX",
    "Total": "601,952.12",
    "subrows": [{
        "Cuenta": "1120-001-002",
        "Nombre": "BBVA BANCOMER 1087809948",
        "Monto": "372,543.90"
    }, {
        "Cuenta": "1150-001-001",
        "Nombre": "CLIENTES MOSTRADOR",
        "Monto": "0.00"
    }, {
        "Cuenta": "1150-001-002",
        "Nombre": "PERSONAS FISICAS",
        "Monto": "-0.00"
    }, {
        "Cuenta": "1150-001-003",
        "Nombre": "PERSONAS MORALES",
        "Monto": "247,449.23"
    }, {
        "Cuenta": "1150-001-005",
        "Nombre": "Representaciones y Dist. del Rello",
        "Monto": "0.00"
    }, {
        "Cuenta": "1170-003-002",
        "Nombre": "\"Barrera Sucesores, S.C.\"",
        "Monto": "477.19"
    }, {
        "Cuenta": "1190-001-000",
        "Nombre": "ALMACEN",
        "Monto": "434,866.09"
    }, {
        "Cuenta": "1190-002-000",
        "Nombre": "MERCANCIA EN TRANSITO",
        "Monto": "11,203.44"
    }, {
        "Cuenta": "1200-002-000",
        "Nombre": "IVA ACREDITABLE DE IMPORTACION PAGADO",
        "Monto": "6,050.00"
    }, {
        "Cuenta": "1201-001-000",
        "Nombre": "IVA POR ACREDITAR",
        "Monto": "11,820.21"
    }, {
        "Cuenta": "2110-001-002",
        "Nombre": "Proveedores Nacionales",
        "Monto": "-12,115.00"
    }, {
        "Cuenta": "2110-002-005",
        "Nombre": "AMPLIVOX",
        "Monto": "-39,385.32"
    }, {
        "Cuenta": "2110-002-008",
        "Nombre": "PROVEEDORES EXTRANJEROS GASTOS",
        "Monto": "-6,680.00"
    }, {
        "Cuenta": "2150-003-000",
        "Nombre": "RETENCIONES ISR 10% HONORARIOS",
        "Monto": "-212.76"
    }, {
        "Cuenta": "2150-005-000",
        "Nombre": "RETENCIONES IVA PERSONAS FISICAS",
        "Monto": "-226.94"
    }, {
        "Cuenta": "2150-006-000",
        "Nombre": "RETENCIONES IVA AUTOTRANSPORTISTAS",
        "Monto": "-60.00"
    }, {
        "Cuenta": "2180-001-000",
        "Nombre": "IVA COBRADO",
        "Monto": "0.00"
    }, {
        "Cuenta": "2181-001-000",
        "Nombre": "IVA NO COBRADO",
        "Monto": "-346,653.46"
    }, {
        "Cuenta": "2190-001-000",
        "Nombre": "PERSONAS FISICAS",
        "Monto": "-77,124.46"
    }, {
        "Cuenta": "4100-001-000",
        "Nombre": "Ventas Equipo",
        "Monto": "0.00"
    }, {
        "Cuenta": "4100-002-000",
        "Nombre": "Ventas Servicios",
        "Monto": "0.00"
    }, {
        "Cuenta": "4100-003-000",
        "Nombre": "Ventas Otros",
        "Monto": "0.00"
    }, {
        "Cuenta": "4200-001-000",
        "Nombre": "Desc. y Dev. s/ventas Equipo",
        "Monto": "0.00"
    }, {
        "Cuenta": "5000-001-000",
        "Nombre": "Costo de venta Equipo",
        "Monto": "-0.00"
    }, {
        "Cuenta": "5000-003-000",
        "Nombre": "Costo de venta Otros",
        "Monto": "-0.00"
    }, {
        "Cuenta": "5000-100-001",
        "Nombre": "Gastos Aduanales",
        "Monto": "-0.00"
    }, {
        "Cuenta": "5000-100-005",
        "Nombre": "AJUSTE STOCK",
        "Monto": "0.00"
    }, {
        "Cuenta": "6100-011-002",
        "Nombre": "MENSAJERIA",
        "Monto": "0.00"
    }, {
        "Cuenta": "6100-012-011",
        "Nombre": "HONORARIOS PERSONAS FISICAS",
        "Monto": "0.00"
    }, {
        "Cuenta": "6200-012-024",
        "Nombre": "TRADUCCIONES",
        "Monto": "0.00"
    }, {
        "Cuenta": "6200-012-025",
        "Nombre": "REGISTROS SANITARIOS",
        "Monto": "0.00"
    }]
}, {
    "Etiqueta": "UN-BERNAFON",
    "Descripción": "BERNAFON",
    "Total": "465,540.72",
    "subrows": [{
        "Cuenta": "1120-001-002",
        "Nombre": "BBVA BANCOMER 1087809948",
        "Monto": "-36,292.51"
    }, {
        "Cuenta": "1150-001-018",
        "Nombre": "COSTCO DE MEXICO SA DE CV",
        "Monto": "0.00"
    }, {
        "Cuenta": "1190-001-000",
        "Nombre": "ALMACEN",
        "Monto": "446,889.14"
    }, {
        "Cuenta": "1190-002-000",
        "Nombre": "MERCANCIA EN TRANSITO",
        "Monto": "43,813.64"
    }, {
        "Cuenta": "1201-001-000",
        "Nombre": "IVA POR ACREDITAR",
        "Monto": "1,365.12"
    }, {
        "Cuenta": "2110-001-002",
        "Nombre": "Proveedores Nacionales",
        "Monto": "0.00"
    }, {
        "Cuenta": "2181-001-000",
        "Nombre": "IVA NO COBRADO",
        "Monto": "-348.32"
    }, {
        "Cuenta": "4100-001-000",
        "Nombre": "Ventas Equipo",
        "Monto": "-2,200.00"
    }, {
        "Cuenta": "4100-004-000",
        "Nombre": "Ventas Consumibles",
        "Monto": "0.00"
    }, {
        "Cuenta": "5000-001-000",
        "Nombre": "Costo de venta Equipo",
        "Monto": "12,313.64"
    }, {
        "Cuenta": "5000-003-000",
        "Nombre": "Costo de venta Otros",
        "Monto": "0.01"
    }, {
        "Cuenta": "5000-004-000",
        "Nombre": "Costo de venta Consumibles",
        "Monto": "0.00"
    }, {
        "Cuenta": "5000-100-005",
        "Nombre": "AJUSTE STOCK",
        "Monto": "0.00"
    }, {
        "Cuenta": "6100-012-011",
        "Nombre": "HONORARIOS PERSONAS FISICAS",
        "Monto": "0.00"
    }, {
        "Cuenta": "6200-012-024",
        "Nombre": "TRADUCCIONES",
        "Monto": "0.00"
    }, {
        "Cuenta": "6200-012-025",
        "Nombre": "REGISTROS SANITARIOS",
        "Monto": "0.00"
    }]
}, {
    "Etiqueta": "UN-DEMANT",
    "Descripción": "DEMANT",
    "Total": "-2,867,016.11",
    "subrows": [{
        "Cuenta": "1120-001-001",
        "Nombre": "BBVA BANCOMER 0185130662",
        "Monto": "-33,754.84"
    }, {
        "Cuenta": "1120-001-002",
        "Nombre": "BBVA BANCOMER 1087809948",
        "Monto": "-12,414,966.25"
    }, {
        "Cuenta": "1120-002-001",
        "Nombre": "BBVA BANCOMER 0117171811",
        "Monto": "-122,917.41"
    }, {
        "Cuenta": "1150-001-019",
        "Nombre": "DEMANT OPERATIONS",
        "Monto": "-41,288.37"
    }, {
        "Cuenta": "1150-001-021",
        "Nombre": "UNITECH FOAM SA DE CV",
        "Monto": "41,288.37"
    }, {
        "Cuenta": "1150-002-003",
        "Nombre": "CENTRO AUDITIVO TELEX LTDA",
        "Monto": "0.00"
    }, {
        "Cuenta": "1170-002-001",
        "Nombre": "MORTEN HELLBERG PEDERSEN",
        "Monto": "27,970.16"
    }, {
        "Cuenta": "1170-003-002",
        "Nombre": "\"Barrera Sucesores, S.C.\"",
        "Monto": "-574.19"
    }, {
        "Cuenta": "1170-003-004",
        "Nombre": "Diferencias por redondeo",
        "Monto": "-2,094.18"
    }, {
        "Cuenta": "1170-003-023",
        "Nombre": "OTROS DEUDORES",
        "Monto": "15,184.00"
    }, {
        "Cuenta": "1170-003-024",
        "Nombre": "EFECTIVALE",
        "Monto": "118,500.00"
    }, {
        "Cuenta": "1200-002-000",
        "Nombre": "IVA ACREDITABLE DE IMPORTACION PAGADO",
        "Monto": "8,379.00"
    }, {
        "Cuenta": "1201-001-000",
        "Nombre": "IVA POR ACREDITAR",
        "Monto": "540,129.99"
    }, {
        "Cuenta": "1310-004-000",
        "Nombre": "EQUIPO DE COMPUTO",
        "Monto": "132,037.93"
    }, {
        "Cuenta": "1310-008-000",
        "Nombre": "ACTIVO FIJO EN PROCESO",
        "Monto": "132,791.51"
    }, {
        "Cuenta": "1310-010-000",
        "Nombre": "LICENCIAS DE SOFTWARE",
        "Monto": "34,553.35"
    }, {
        "Cuenta": "2110-001-002",
        "Nombre": "Proveedores Nacionales",
        "Monto": "-51,450.45"
    }, {
        "Cuenta": "2110-002-008",
        "Nombre": "PROVEEDORES EXTRANJEROS GASTOS",
        "Monto": "-7,844.92"
    }, {
        "Cuenta": "2120-002-000",
        "Nombre": "Reembolsos",
        "Monto": "20,000.00"
    }, {
        "Cuenta": "2140-003-000",
        "Nombre": "ISR POR PAGAR",
        "Monto": "1,896,157.00"
    }, {
        "Cuenta": "2140-004-000",
        "Nombre": "IMPUESTO SOBRE NOMINAS",
        "Monto": "318,135.00"
    }, {
        "Cuenta": "2140-005-000",
        "Nombre": "OTROS IMPUESTOS POR PAGAR",
        "Monto": "897,112.30"
    }, {
        "Cuenta": "2150-001-000",
        "Nombre": "RETENCIONES ISR POR SUELDOS Y SALARIOS",
        "Monto": "5,181,142.00"
    }, {
        "Cuenta": "2150-003-000",
        "Nombre": "RETENCIONES ISR 10% HONORARIOS",
        "Monto": "-901.42"
    }, {
        "Cuenta": "2150-004-000",
        "Nombre": "RETENCIONES ISR 10% ARRENDAMIENTOS",
        "Monto": "-7,849.96"
    }, {
        "Cuenta": "2150-005-000",
        "Nombre": "RETENCIONES IVA PERSONAS FISICAS",
        "Monto": "-9,336.00"
    }, {
        "Cuenta": "2150-006-000",
        "Nombre": "RETENCIONES IVA AUTOTRANSPORTISTAS",
        "Monto": "1,709.00"
    }, {
        "Cuenta": "2150-007-000",
        "Nombre": "RETENCIONES IMSS TRABAJADORES",
        "Monto": "106,821.45"
    }, {
        "Cuenta": "2150-009-000",
        "Nombre": "RETENCIÓN 6% IVA",
        "Monto": "110.40"
    }, {
        "Cuenta": "2181-001-000",
        "Nombre": "IVA NO COBRADO",
        "Monto": "-152,593.85"
    }, {
        "Cuenta": "4100-002-000",
        "Nombre": "Ventas Servicios",
        "Monto": "0.00"
    }, {
        "Cuenta": "5000-007-000",
        "Nombre": "COSTO DE VENTAS GRUPO",
        "Monto": "0.00"
    }, {
        "Cuenta": "6100-001-001",
        "Nombre": "SUELDOS",
        "Monto": "0.00"
    }, {
        "Cuenta": "6100-005-001",
        "Nombre": "PASAJES Y TRANSPORTES LOCALES",
        "Monto": "0.00"
    }, {
        "Cuenta": "6100-006-005",
        "Nombre": "VALES DE GASOLINA",
        "Monto": "0.00"
    }, {
        "Cuenta": "6100-008-004",
        "Nombre": "MANTENIMIENTO Y CONSERVACIÓN",
        "Monto": "0.00"
    }, {
        "Cuenta": "6100-011-001",
        "Nombre": "TELÉFONO",
        "Monto": "-0.00"
    }, {
        "Cuenta": "6100-011-002",
        "Nombre": "MENSAJERIA",
        "Monto": "0.00"
    }, {
        "Cuenta": "6100-012-002",
        "Nombre": "NO DEDUCIBLES",
        "Monto": "-0.00"
    }, {
        "Cuenta": "6100-012-008",
        "Nombre": "HONORARIOS PERSONAS MORALES",
        "Monto": "0.00"
    }, {
        "Cuenta": "6100-012-022",
        "Nombre": "ACCESORIOS",
        "Monto": "0.00"
    }, {
        "Cuenta": "6200-001-001",
        "Nombre": "SUELDOS",
        "Monto": "115,883.40"
    }, {
        "Cuenta": "6200-001-003",
        "Nombre": "BONOS",
        "Monto": "0.00"
    }, {
        "Cuenta": "6200-001-004",
        "Nombre": "AGUINALDO",
        "Monto": "0.00"
    }, {
        "Cuenta": "6200-001-005",
        "Nombre": "VACACIONES",
        "Monto": "0.00"
    }, {
        "Cuenta": "6200-001-006",
        "Nombre": "PRIMA VACACIONAL",
        "Monto": "3,220.80"
    }, {
        "Cuenta": "6200-001-008",
        "Nombre": "INDEMNIZACIÓN",
        "Monto": "0.00"
    }, {
        "Cuenta": "6200-003-001",
        "Nombre": "CUOTA I.M.S.S.",
        "Monto": "6,390.57"
    }, {
        "Cuenta": "6200-003-002",
        "Nombre": "APORTACIONES AL SAR",
        "Monto": "0.00"
    }, {
        "Cuenta": "6200-003-003",
        "Nombre": "APORTACIONES AL INFONAVIT",
        "Monto": "0.00"
    }, {
        "Cuenta": "6200-003-004",
        "Nombre": "IMPUESTO SOBRE NOMINA",
        "Monto": "3,573.13"
    }, {
        "Cuenta": "6200-003-005",
        "Nombre": "CAPACITACIÓN AL PERSONAL",
        "Monto": "0.00"
    }, {
        "Cuenta": "6200-005-001",
        "Nombre": "PASAJES Y TRANSPORTES LOCALES",
        "Monto": "67.04"
    }, {
        "Cuenta": "6200-005-002",
        "Nombre": "BOLETOS DE AVION",
        "Monto": "80,780.00"
    }, {
        "Cuenta": "6200-006-005",
        "Nombre": "VALES DE GASOLINA",
        "Monto": "600.00"
    }, {
        "Cuenta": "6200-007-003",
        "Nombre": "OTROS GASTOS DE VENTA",
        "Monto": "0.00"
    }, {
        "Cuenta": "6200-008-001",
        "Nombre": "MANTTO. DE OFICINAS",
        "Monto": "1,760.00"
    }, {
        "Cuenta": "6200-008-004",
        "Nombre": "MANTENIMIENTO Y CONSERVACIÓN",
        "Monto": "-0.00"
    }, {
        "Cuenta": "6200-009-001",
        "Nombre": "AGUA",
        "Monto": "3,344.56"
    }, {
        "Cuenta": "6200-009-002",
        "Nombre": "ENERGIA ELECTRICA",
        "Monto": "0.00"
    }, {
        "Cuenta": "6200-010-001",
        "Nombre": "ARRENDAMIENTO PERSONAS FISICAS",
        "Monto": "78,500.00"
    }, {
        "Cuenta": "6200-010-002",
        "Nombre": "ARRENDAMIENTO PERSONAS MORALES",
        "Monto": "50,724.14"
    }, {
        "Cuenta": "6200-011-001",
        "Nombre": "TELÉFONO",
        "Monto": "1,031.88"
    }, {
        "Cuenta": "6200-011-002",
        "Nombre": "MENSAJERIA",
        "Monto": "17,383.84"
    }, {
        "Cuenta": "6200-011-003",
        "Nombre": "INTERNET",
        "Monto": "13,100.00"
    }, {
        "Cuenta": "6200-012-002",
        "Nombre": "NO DEDUCIBLES",
        "Monto": "626.40"
    }, {
        "Cuenta": "6200-012-004",
        "Nombre": "GASTOS DE OFICINA",
        "Monto": "13,182.96"
    }, {
        "Cuenta": "6200-012-005",
        "Nombre": "EQUIPO NO CAPITALIZABLE",
        "Monto": "1,608.62"
    }, {
        "Cuenta": "6200-012-007",
        "Nombre": "RECARGOS",
        "Monto": "0.00"
    }, {
        "Cuenta": "6200-012-008",
        "Nombre": "HONORARIOS PERSONAS MORALES",
        "Monto": "10,000.00"
    }, {
        "Cuenta": "6200-012-009",
        "Nombre": "EQUIPO DE SEGURIDAD",
        "Monto": "321.34"
    }, {
        "Cuenta": "6200-012-010",
        "Nombre": "ATENCIÓN A CLIENTES",
        "Monto": "0.00"
    }, {
        "Cuenta": "6200-012-011",
        "Nombre": "HONORARIOS PERSONAS FISICAS",
        "Monto": "20,978.88"
    }, {
        "Cuenta": "6200-012-013",
        "Nombre": "UNIFORMES",
        "Monto": "0.00"
    }, {
        "Cuenta": "6200-012-014",
        "Nombre": "PAPELERIA Y ARTICULOS DE OFICINA",
        "Monto": "4,847.24"
    }, {
        "Cuenta": "6200-012-015",
        "Nombre": "DIVERSOS",
        "Monto": "0.00"
    }, {
        "Cuenta": "6200-012-018",
        "Nombre": "CUOTAS Y SUSCRIPCIONES",
        "Monto": "3,076.50"
    }, {
        "Cuenta": "6200-012-020",
        "Nombre": "RECLUTAMIENTO DE PERSONAL",
        "Monto": "1,329.00"
    }, {
        "Cuenta": "6200-012-022",
        "Nombre": "ACCESORIOS",
        "Monto": "0.00"
    }, {
        "Cuenta": "6200-012-026",
        "Nombre": "CERTIFICACIONES",
        "Monto": "6,444.97"
    }, {
        "Cuenta": "6200-012-027",
        "Nombre": "ASESORIA",
        "Monto": "0.00"
    }, {
        "Cuenta": "6200-012-029",
        "Nombre": "MONITOREO DE CÁMARAS DE SEGURIDAD",
        "Monto": "1,271.23"
    }, {
        "Cuenta": "6200-012-030",
        "Nombre": "INCREMENTABLE RENTAS",
        "Monto": "0.00"
    }, {
        "Cuenta": "6200-012-031",
        "Nombre": "SERVICIO DE HEAD HUNTER",
        "Monto": "54,000.00"
    }, {
        "Cuenta": "6200-013-001",
        "Nombre": "SEGUROS Y FIANZAS",
        "Monto": "0.00"
    }, {
        "Cuenta": "6200-014-005",
        "Nombre": "DEPRECIACIÓN EQ. CÓMPUTO",
        "Monto": "1,969.12"
    }, {
        "Cuenta": "6200-014-007",
        "Nombre": "AMORTIZACIÓN LICENCIAS DE SOFTWARE",
        "Monto": "5,363.78"
    }, {
        "Cuenta": "7200-004-000",
        "Nombre": "COMISIONES BANCARIAS",
        "Monto": "5,154.87"
    }, {
        "Cuenta": "7200-005-000",
        "Nombre": "INTERESES FINANCIEROS A CARGO",
        "Monto": "0.00"
    }]
}, {
    "Etiqueta": "UN-DIATEC",
    "Descripción": "DIATEC",
    "Total": "57,510.73",
    "subrows": [{
        "Cuenta": "1120-001-002",
        "Nombre": "BBVA BANCOMER 1087809948",
        "Monto": "-428,530.83"
    }, {
        "Cuenta": "1150-001-001",
        "Nombre": "CLIENTES MOSTRADOR",
        "Monto": "0.00"
    }, {
        "Cuenta": "1170-003-004",
        "Nombre": "Diferencias por redondeo",
        "Monto": "1.04"
    }, {
        "Cuenta": "1170-003-016",
        "Nombre": "AUTOMOTRIZ SAN ANGEL",
        "Monto": "0.00"
    }, {
        "Cuenta": "1190-001-000",
        "Nombre": "ALMACEN",
        "Monto": "0.00"
    }, {
        "Cuenta": "1190-002-000",
        "Nombre": "MERCANCIA EN TRANSITO",
        "Monto": "0.00"
    }, {
        "Cuenta": "1201-001-000",
        "Nombre": "IVA POR ACREDITAR",
        "Monto": "86,528.53"
    }, {
        "Cuenta": "1310-003-000",
        "Nombre": "EQUIPO DE TRANSPORTE",
        "Monto": "175,000.00"
    }, {
        "Cuenta": "1310-004-000",
        "Nombre": "EQUIPO DE COMPUTO",
        "Monto": "36,626.81"
    }, {
        "Cuenta": "1310-008-000",
        "Nombre": "ACTIVO FIJO EN PROCESO",
        "Monto": "11,283.62"
    }, {
        "Cuenta": "2110-001-002",
        "Nombre": "Proveedores Nacionales",
        "Monto": "20,013.04"
    }, {
        "Cuenta": "2110-002-008",
        "Nombre": "PROVEEDORES EXTRANJEROS GASTOS",
        "Monto": "-1,228.08"
    }, {
        "Cuenta": "2120-002-000",
        "Nombre": "Reembolsos",
        "Monto": "1,222.55"
    }, {
        "Cuenta": "2150-003-000",
        "Nombre": "RETENCIONES ISR 10% HONORARIOS",
        "Monto": "-1,000.00"
    }, {
        "Cuenta": "2181-001-000",
        "Nombre": "IVA NO COBRADO",
        "Monto": "-12,948.49"
    }, {
        "Cuenta": "4100-002-000",
        "Nombre": "Ventas Servicios",
        "Monto": "0.00"
    }, {
        "Cuenta": "4100-003-000",
        "Nombre": "Ventas Otros",
        "Monto": "0.00"
    }, {
        "Cuenta": "5000-003-000",
        "Nombre": "Costo de venta Otros",
        "Monto": "0.00"
    }, {
        "Cuenta": "6100-001-001",
        "Nombre": "SUELDOS",
        "Monto": "98,485.24"
    }, {
        "Cuenta": "6100-001-003",
        "Nombre": "BONOS",
        "Monto": "1,161.21"
    }, {
        "Cuenta": "6100-001-004",
        "Nombre": "AGUINALDO",
        "Monto": "0.00"
    }, {
        "Cuenta": "6100-001-006",
        "Nombre": "PRIMA VACACIONAL",
        "Monto": "0.00"
    }, {
        "Cuenta": "6100-003-001",
        "Nombre": "CUOTA I.M.S.S.",
        "Monto": "9,195.47"
    }, {
        "Cuenta": "6100-003-002",
        "Nombre": "APORTACIONES AL SAR",
        "Monto": "0.00"
    }, {
        "Cuenta": "6100-003-003",
        "Nombre": "APORTACIONES AL INFONAVIT",
        "Monto": "0.00"
    }, {
        "Cuenta": "6100-003-004",
        "Nombre": "IMPUESTO SOBRE NOMINA",
        "Monto": "2,989.39"
    }, {
        "Cuenta": "6100-004-000",
        "Nombre": "PUBLICIDAD Y PROMOCIÓN",
        "Monto": "0.00"
    }, {
        "Cuenta": "6100-005-001",
        "Nombre": "PASAJES Y TRANSPORTES LOCALES",
        "Monto": "1,445.70"
    }, {
        "Cuenta": "6100-005-002",
        "Nombre": "BOLETOS DE AVION",
        "Monto": "8,958.95"
    }, {
        "Cuenta": "6100-005-004",
        "Nombre": "HOSPEDAJE",
        "Monto": "937.68"
    }, {
        "Cuenta": "6100-005-005",
        "Nombre": "COMBUSTIBLE",
        "Monto": "805.26"
    }, {
        "Cuenta": "6100-005-006",
        "Nombre": "ALIMENTOS",
        "Monto": "1,799.99"
    }, {
        "Cuenta": "6100-005-007",
        "Nombre": "OTROS GASTOS DE VIAJE",
        "Monto": "-0.00"
    }, {
        "Cuenta": "6100-006-001",
        "Nombre": "SEGURO AUTOS",
        "Monto": "0.00"
    }, {
        "Cuenta": "6100-006-003",
        "Nombre": "COMBUSTIBLES Y LUBRICANTES",
        "Monto": "455.78"
    }, {
        "Cuenta": "6100-007-003",
        "Nombre": "OTROS GASTOS DE VENTA",
        "Monto": "0.00"
    }, {
        "Cuenta": "6100-011-001",
        "Nombre": "TELÉFONO",
        "Monto": "1,031.88"
    }, {
        "Cuenta": "6100-011-002",
        "Nombre": "MENSAJERIA",
        "Monto": "-0.00"
    }, {
        "Cuenta": "6100-012-001",
        "Nombre": "CASETAS Y ESTACIONAMIENTOS",
        "Monto": "650.86"
    }, {
        "Cuenta": "6100-012-002",
        "Nombre": "NO DEDUCIBLES",
        "Monto": "2,623.14"
    }, {
        "Cuenta": "6100-012-004",
        "Nombre": "GASTOS DE OFICINA",
        "Monto": "150.00"
    }, {
        "Cuenta": "6100-012-005",
        "Nombre": "EQUIPO NO CAPITALIZABLE",
        "Monto": "0.00"
    }, {
        "Cuenta": "6100-012-011",
        "Nombre": "HONORARIOS PERSONAS FISICAS",
        "Monto": "10,000.00"
    }, {
        "Cuenta": "6100-012-013",
        "Nombre": "UNIFORMES",
        "Monto": "0.00"
    }, {
        "Cuenta": "6100-012-014",
        "Nombre": "PAPELERIA Y ARTICULOS DE OFICINA",
        "Monto": "0.00"
    }, {
        "Cuenta": "6100-012-015",
        "Nombre": "DIVERSOS",
        "Monto": "0.00"
    }, {
        "Cuenta": "6100-012-017",
        "Nombre": "CALIBRACIÓN",
        "Monto": "3,000.00"
    }, {
        "Cuenta": "6100-012-021",
        "Nombre": "HERRAMIENTAS",
        "Monto": "0.00"
    }, {
        "Cuenta": "6100-012-022",
        "Nombre": "ACCESORIOS",
        "Monto": "0.00"
    }, {
        "Cuenta": "6100-014-003",
        "Nombre": "DEPRECIACIÓN MAQUINARIA",
        "Monto": "22,008.40"
    }, {
        "Cuenta": "6200-006-003",
        "Nombre": "COMBUSTIBLES Y LUBRICANTES",
        "Monto": "0.00"
    }, {
        "Cuenta": "6200-012-022",
        "Nombre": "ACCESORIOS",
        "Monto": "0.00"
    }, {
        "Cuenta": "6200-013-001",
        "Nombre": "SEGUROS Y FIANZAS",
        "Monto": "-0.00"
    }, {
        "Cuenta": "6200-014-001",
        "Nombre": "DEPRECIACIÓN EQ. TRANSPORTE",
        "Monto": "3,645.83"
    }, {
        "Cuenta": "6200-014-005",
        "Nombre": "DEPRECIACIÓN EQ. CÓMPUTO",
        "Monto": "1,197.76"
    }]
}, {
    "Etiqueta": "UN-IALATAM",
    "Descripción": "INTERACOUSTICS LATAM",
    "Total": "-219,520.34",
    "subrows": [{
        "Cuenta": "1120-001-002",
        "Nombre": "BBVA BANCOMER 1087809948",
        "Monto": "-151,080.47"
    }, {
        "Cuenta": "1150-001-002",
        "Nombre": "PERSONAS FISICAS",
        "Monto": "0.00"
    }, {
        "Cuenta": "1201-001-000",
        "Nombre": "IVA POR ACREDITAR",
        "Monto": "15,304.95"
    }, {
        "Cuenta": "2110-001-002",
        "Nombre": "Proveedores Nacionales",
        "Monto": "-91,481.12"
    }, {
        "Cuenta": "2110-002-008",
        "Nombre": "PROVEEDORES EXTRANJEROS GASTOS",
        "Monto": "-25,654.66"
    }, {
        "Cuenta": "2120-002-000",
        "Nombre": "Reembolsos",
        "Monto": "0.00"
    }, {
        "Cuenta": "2181-001-000",
        "Nombre": "IVA NO COBRADO",
        "Monto": "-2,911.04"
    }, {
        "Cuenta": "6100-004-002",
        "Nombre": "CONGRESOS",
        "Monto": "0.00"
    }, {
        "Cuenta": "6100-005-001",
        "Nombre": "PASAJES Y TRANSPORTES LOCALES",
        "Monto": "0.00"
    }, {
        "Cuenta": "6100-005-002",
        "Nombre": "BOLETOS DE AVION",
        "Monto": "36,302.00"
    }, {
        "Cuenta": "6100-005-003",
        "Nombre": "RENTA DE AUTO",
        "Monto": "0.00"
    }, {
        "Cuenta": "6100-005-004",
        "Nombre": "HOSPEDAJE",
        "Monto": "0.00"
    }, {
        "Cuenta": "6100-005-005",
        "Nombre": "COMBUSTIBLE",
        "Monto": "0.00"
    }, {
        "Cuenta": "6100-005-006",
        "Nombre": "ALIMENTOS",
        "Monto": "0.00"
    }, {
        "Cuenta": "6100-005-007",
        "Nombre": "OTROS GASTOS DE VIAJE",
        "Monto": "0.00"
    }, {
        "Cuenta": "6100-012-001",
        "Nombre": "CASETAS Y ESTACIONAMIENTOS",
        "Monto": "0.00"
    }, {
        "Cuenta": "6100-012-002",
        "Nombre": "NO DEDUCIBLES",
        "Monto": "-0.00"
    }, {
        "Cuenta": "6100-012-004",
        "Nombre": "GASTOS DE OFICINA",
        "Monto": "0.00"
    }, {
        "Cuenta": "6100-012-009",
        "Nombre": "EQUIPO DE SEGURIDAD",
        "Monto": "0.00"
    }]
}, {
    "Etiqueta": "UN-INTERACOUSTICS",
    "Descripción": "INTERACOUSTICS",
    "Total": "31,328,014.51",
    "subrows": [{
        "Cuenta": "1120-001-002",
        "Nombre": "BBVA BANCOMER 1087809948",
        "Monto": "1,558,657.42"
    }, {
        "Cuenta": "1120-002-001",
        "Nombre": "BBVA BANCOMER 0117171811",
        "Monto": "-39,642.17"
    }, {
        "Cuenta": "1150-001-001",
        "Nombre": "CLIENTES MOSTRADOR",
        "Monto": "155,227.74"
    }, {
        "Cuenta": "1150-001-002",
        "Nombre": "PERSONAS FISICAS",
        "Monto": "270,503.52"
    }, {
        "Cuenta": "1150-001-003",
        "Nombre": "PERSONAS MORALES",
        "Monto": "4,469,076.93"
    }, {
        "Cuenta": "1150-001-004",
        "Nombre": "Distribuidora de Eq. Audiologicos",
        "Monto": "2,253,933.75"
    }, {
        "Cuenta": "1150-001-005",
        "Nombre": "Representaciones y Dist. del Rello",
        "Monto": "7,350,266.92"
    }, {
        "Cuenta": "1150-001-017",
        "Nombre": "COMPAÑIA DE AUDIOLOGIA Y SISTEMAS MEDICO",
        "Monto": "699,919.67"
    }, {
        "Cuenta": "1150-001-018",
        "Nombre": "COSTCO DE MEXICO SA DE CV",
        "Monto": "8,585.75"
    }, {
        "Cuenta": "1170-003-002",
        "Nombre": "\"Barrera Sucesores, S.C.\"",
        "Monto": "447,465.48"
    }, {
        "Cuenta": "1170-003-004",
        "Nombre": "Diferencias por redondeo",
        "Monto": "125.11"
    }, {
        "Cuenta": "1190-001-000",
        "Nombre": "ALMACEN",
        "Monto": "31,179,658.27"
    }, {
        "Cuenta": "1190-002-000",
        "Nombre": "MERCANCIA EN TRANSITO",
        "Monto": "1,282,635.57"
    }, {
        "Cuenta": "1190-003-000",
        "Nombre": "ALMACÉN PARA PRÉSTAMOS",
        "Monto": "185,554.20"
    }, {
        "Cuenta": "1200-002-000",
        "Nombre": "IVA ACREDITABLE DE IMPORTACION PAGADO",
        "Monto": "718,862.00"
    }, {
        "Cuenta": "1201-001-000",
        "Nombre": "IVA POR ACREDITAR",
        "Monto": "179,607.02"
    }, {
        "Cuenta": "1310-004-000",
        "Nombre": "EQUIPO DE COMPUTO",
        "Monto": "53,355.17"
    }, {
        "Cuenta": "2110-001-002",
        "Nombre": "Proveedores Nacionales",
        "Monto": "-252,322.24"
    }, {
        "Cuenta": "2110-002-002",
        "Nombre": "Oticon A/S ( 74023 )",
        "Monto": "-11,601,127.81"
    }, {
        "Cuenta": "2110-002-008",
        "Nombre": "PROVEEDORES EXTRANJEROS GASTOS",
        "Monto": "-960,512.34"
    }, {
        "Cuenta": "2120-002-000",
        "Nombre": "Reembolsos",
        "Monto": "-17,721.45"
    }, {
        "Cuenta": "2150-003-000",
        "Nombre": "RETENCIONES ISR 10% HONORARIOS",
        "Monto": "-597.36"
    }, {
        "Cuenta": "2150-005-000",
        "Nombre": "RETENCIONES IVA PERSONAS FISICAS",
        "Monto": "-1,175.42"
    }, {
        "Cuenta": "2150-006-000",
        "Nombre": "RETENCIONES IVA AUTOTRANSPORTISTAS",
        "Monto": "-923.30"
    }, {
        "Cuenta": "2180-001-000",
        "Nombre": "IVA COBRADO",
        "Monto": "-0.00"
    }, {
        "Cuenta": "2181-001-000",
        "Nombre": "IVA NO COBRADO",
        "Monto": "-4,651,902.25"
    }, {
        "Cuenta": "2190-001-000",
        "Nombre": "PERSONAS FISICAS",
        "Monto": "-134,034.30"
    }, {
        "Cuenta": "2190-002-000",
        "Nombre": "PERSONAS MORALES",
        "Monto": "-57,660.35"
    }, {
        "Cuenta": "4100-001-000",
        "Nombre": "Ventas Equipo",
        "Monto": "-3,580,588.89"
    }, {
        "Cuenta": "4100-002-000",
        "Nombre": "Ventas Servicios",
        "Monto": "-390,502.78"
    }, {
        "Cuenta": "4100-003-000",
        "Nombre": "Ventas Otros",
        "Monto": "-1,701,519.50"
    }, {
        "Cuenta": "4100-004-000",
        "Nombre": "Ventas Consumibles",
        "Monto": "-93,168.73"
    }, {
        "Cuenta": "4100-005-000",
        "Nombre": "Ventas Cabinas",
        "Monto": "-0.00"
    }, {
        "Cuenta": "4200-001-000",
        "Nombre": "Desc. y Dev. s/ventas Equipo",
        "Monto": "0.00"
    }, {
        "Cuenta": "5000-001-000",
        "Nombre": "Costo de venta Equipo",
        "Monto": "2,290,486.04"
    }, {
        "Cuenta": "5000-002-000",
        "Nombre": "Costo de venta Servicio",
        "Monto": "0.00"
    }, {
        "Cuenta": "5000-003-000",
        "Nombre": "Costo de venta Otros",
        "Monto": "1,332,668.42"
    }, {
        "Cuenta": "5000-004-000",
        "Nombre": "Costo de venta Consumibles",
        "Monto": "31,342.50"
    }, {
        "Cuenta": "5000-005-000",
        "Nombre": "Costo de venta Cabinas",
        "Monto": "0.00"
    }, {
        "Cuenta": "5000-100-001",
        "Nombre": "Gastos Aduanales",
        "Monto": "67,178.67"
    }, {
        "Cuenta": "5000-100-005",
        "Nombre": "AJUSTE STOCK",
        "Monto": "0.00"
    }, {
        "Cuenta": "6100-001-001",
        "Nombre": "SUELDOS",
        "Monto": "114,192.30"
    }, {
        "Cuenta": "6100-001-003",
        "Nombre": "BONOS",
        "Monto": "1,431.46"
    }, {
        "Cuenta": "6100-001-004",
        "Nombre": "AGUINALDO",
        "Monto": "0.00"
    }, {
        "Cuenta": "6100-001-005",
        "Nombre": "VACACIONES",
        "Monto": "-0.00"
    }, {
        "Cuenta": "6100-001-006",
        "Nombre": "PRIMA VACACIONAL",
        "Monto": "1,386.02"
    }, {
        "Cuenta": "6100-001-008",
        "Nombre": "INDEMNIZACIÓN",
        "Monto": "0.00"
    }, {
        "Cuenta": "6100-003-001",
        "Nombre": "CUOTA I.M.S.S.",
        "Monto": "6,378.85"
    }, {
        "Cuenta": "6100-003-002",
        "Nombre": "APORTACIONES AL SAR",
        "Monto": "0.00"
    }, {
        "Cuenta": "6100-003-003",
        "Nombre": "APORTACIONES AL INFONAVIT",
        "Monto": "0.00"
    }, {
        "Cuenta": "6100-003-004",
        "Nombre": "IMPUESTO SOBRE NOMINA",
        "Monto": "3,510.29"
    }, {
        "Cuenta": "6100-003-005",
        "Nombre": "CAPACITACIÓN AL PERSONAL",
        "Monto": "0.00"
    }, {
        "Cuenta": "6100-004-001",
        "Nombre": "PUBLICIDAD",
        "Monto": "0.00"
    }, {
        "Cuenta": "6100-004-002",
        "Nombre": "CONGRESOS",
        "Monto": "121,000.00"
    }, {
        "Cuenta": "6100-005-001",
        "Nombre": "PASAJES Y TRANSPORTES LOCALES",
        "Monto": "574.14"
    }, {
        "Cuenta": "6100-005-002",
        "Nombre": "BOLETOS DE AVION",
        "Monto": "0.00"
    }, {
        "Cuenta": "6100-005-003",
        "Nombre": "RENTA DE AUTO",
        "Monto": "0.00"
    }, {
        "Cuenta": "6100-005-004",
        "Nombre": "HOSPEDAJE",
        "Monto": "0.00"
    }, {
        "Cuenta": "6100-005-005",
        "Nombre": "COMBUSTIBLE",
        "Monto": "-0.00"
    }, {
        "Cuenta": "6100-005-006",
        "Nombre": "ALIMENTOS",
        "Monto": "0.00"
    }, {
        "Cuenta": "6100-005-007",
        "Nombre": "OTROS GASTOS DE VIAJE",
        "Monto": "0.00"
    }, {
        "Cuenta": "6100-006-003",
        "Nombre": "COMBUSTIBLES Y LUBRICANTES",
        "Monto": "-0.00"
    }, {
        "Cuenta": "6100-006-004",
        "Nombre": "IMPUESTOS Y DERECHOS",
        "Monto": "0.00"
    }, {
        "Cuenta": "6100-006-006",
        "Nombre": "MANTTO. EQUIPO DE TRANSPORTE",
        "Monto": "0.00"
    }, {
        "Cuenta": "6100-011-001",
        "Nombre": "TELÉFONO",
        "Monto": "713.78"
    }, {
        "Cuenta": "6100-011-002",
        "Nombre": "MENSAJERIA",
        "Monto": "221.97"
    }, {
        "Cuenta": "6100-012-001",
        "Nombre": "CASETAS Y ESTACIONAMIENTOS",
        "Monto": "51.40"
    }, {
        "Cuenta": "6100-012-002",
        "Nombre": "NO DEDUCIBLES",
        "Monto": "815.09"
    }, {
        "Cuenta": "6100-012-005",
        "Nombre": "EQUIPO NO CAPITALIZABLE",
        "Monto": "11,187.93"
    }, {
        "Cuenta": "6100-012-008",
        "Nombre": "HONORARIOS PERSONAS MORALES",
        "Monto": "0.00"
    }, {
        "Cuenta": "6100-012-009",
        "Nombre": "EQUIPO DE SEGURIDAD",
        "Monto": "448.28"
    }, {
        "Cuenta": "6100-012-010",
        "Nombre": "ATENCIÓN A CLIENTES",
        "Monto": "3,614.63"
    }, {
        "Cuenta": "6100-012-011",
        "Nombre": "HONORARIOS PERSONAS FISICAS",
        "Monto": "5,764.79"
    }, {
        "Cuenta": "6100-012-013",
        "Nombre": "UNIFORMES",
        "Monto": "0.00"
    }, {
        "Cuenta": "6100-012-014",
        "Nombre": "PAPELERIA Y ARTICULOS DE OFICINA",
        "Monto": "0.00"
    }, {
        "Cuenta": "6100-012-017",
        "Nombre": "CALIBRACIÓN",
        "Monto": "0.00"
    }, {
        "Cuenta": "6100-012-022",
        "Nombre": "ACCESORIOS",
        "Monto": "1,475.86"
    }, {
        "Cuenta": "6100-013-001",
        "Nombre": "SEGUROS Y FIANZAS",
        "Monto": "0.00"
    }, {
        "Cuenta": "6200-010-002",
        "Nombre": "ARRENDAMIENTO PERSONAS MORALES",
        "Monto": "-225.84"
    }, {
        "Cuenta": "6200-011-002",
        "Nombre": "MENSAJERIA",
        "Monto": "0.00"
    }, {
        "Cuenta": "6200-012-002",
        "Nombre": "NO DEDUCIBLES",
        "Monto": "0.00"
    }, {
        "Cuenta": "6200-012-004",
        "Nombre": "GASTOS DE OFICINA",
        "Monto": "0.00"
    }, {
        "Cuenta": "6200-012-011",
        "Nombre": "HONORARIOS PERSONAS FISICAS",
        "Monto": "0.00"
    }, {
        "Cuenta": "6200-012-018",
        "Nombre": "CUOTAS Y SUSCRIPCIONES",
        "Monto": "0.00"
    }, {
        "Cuenta": "6200-012-024",
        "Nombre": "TRADUCCIONES",
        "Monto": "0.00"
    }, {
        "Cuenta": "6200-012-025",
        "Nombre": "REGISTROS SANITARIOS",
        "Monto": "-0.00"
    }, {
        "Cuenta": "6200-013-001",
        "Nombre": "SEGUROS Y FIANZAS",
        "Monto": "0.00"
    }, {
        "Cuenta": "6200-014-001",
        "Nombre": "DEPRECIACIÓN EQ. TRANSPORTE",
        "Monto": "3,426.72"
    }, {
        "Cuenta": "6200-014-005",
        "Nombre": "DEPRECIACIÓN EQ. CÓMPUTO",
        "Monto": "335.58"
    }, {
        "Cuenta": "7400-002-000",
        "Nombre": "OTROS GASTOS",
        "Monto": "0.00"
    }]
}, {
    "Etiqueta": "UN-MEDRX",
    "Descripción": "MEDRX",
    "Total": "450,104.87",
    "subrows": [{
        "Cuenta": "1120-001-002",
        "Nombre": "BBVA BANCOMER 1087809948",
        "Monto": "-24,203.76"
    }, {
        "Cuenta": "1190-001-000",
        "Nombre": "ALMACEN",
        "Monto": "474,156.95"
    }, {
        "Cuenta": "1201-001-000",
        "Nombre": "IVA POR ACREDITAR",
        "Monto": "151.68"
    }, {
        "Cuenta": "5000-001-000",
        "Nombre": "Costo de venta Equipo",
        "Monto": "0.00"
    }, {
        "Cuenta": "6200-012-025",
        "Nombre": "REGISTROS SANITARIOS",
        "Monto": "0.00"
    }]
}, {
    "Etiqueta": "UN-OM",
    "Descripción": "OTICON MEDICAL",
    "Total": "34,635,273.46",
    "subrows": [{
        "Cuenta": "1120-001-002",
        "Nombre": "BBVA BANCOMER 1087809948",
        "Monto": "-411,313.70"
    }, {
        "Cuenta": "1120-002-001",
        "Nombre": "BBVA BANCOMER 0117171811",
        "Monto": "-290,400.58"
    }, {
        "Cuenta": "1150-001-002",
        "Nombre": "PERSONAS FISICAS",
        "Monto": "-112,588.10"
    }, {
        "Cuenta": "1150-001-003",
        "Nombre": "PERSONAS MORALES",
        "Monto": "-395,823.90"
    }, {
        "Cuenta": "1150-001-004",
        "Nombre": "Distribuidora de Eq. Audiologicos",
        "Monto": "-1,746,437.77"
    }, {
        "Cuenta": "1150-001-005",
        "Nombre": "Representaciones y Dist. del Rello",
        "Monto": "-3,644,318.93"
    }, {
        "Cuenta": "1150-001-007",
        "Nombre": "Audiomedical Distribución de",
        "Monto": "-1,162,298.88"
    }, {
        "Cuenta": "1150-001-016",
        "Nombre": "Instituto Otolonogico Monterrey SA de CV",
        "Monto": "-277,952.09"
    }, {
        "Cuenta": "1150-001-017",
        "Nombre": "COMPAÑIA DE AUDIOLOGIA Y SISTEMAS MEDICO",
        "Monto": "-1,708,431.08"
    }, {
        "Cuenta": "1150-001-018",
        "Nombre": "COSTCO DE MEXICO SA DE CV",
        "Monto": "-2,374,953.74"
    }, {
        "Cuenta": "1150-002-001",
        "Nombre": "OTICON AS",
        "Monto": "401,125.98"
    }, {
        "Cuenta": "1170-002-001",
        "Nombre": "MORTEN HELLBERG PEDERSEN",
        "Monto": "70,000.00"
    }, {
        "Cuenta": "1170-003-004",
        "Nombre": "Diferencias por redondeo",
        "Monto": "-251.00"
    }, {
        "Cuenta": "1190-001-000",
        "Nombre": "ALMACEN",
        "Monto": "0.00"
    }, {
        "Cuenta": "1201-001-000",
        "Nombre": "IVA POR ACREDITAR",
        "Monto": "106,873.02"
    }, {
        "Cuenta": "2110-001-002",
        "Nombre": "Proveedores Nacionales",
        "Monto": "-9,826.44"
    }, {
        "Cuenta": "2110-002-002",
        "Nombre": "Oticon A/S ( 74023 )",
        "Monto": "45,351,914.21"
    }, {
        "Cuenta": "2120-002-000",
        "Nombre": "Reembolsos",
        "Monto": "0.00"
    }, {
        "Cuenta": "2181-001-000",
        "Nombre": "IVA NO COBRADO",
        "Monto": "-127,582.46"
    }, {
        "Cuenta": "4100-002-000",
        "Nombre": "Ventas Servicios",
        "Monto": "0.00"
    }, {
        "Cuenta": "4100-003-000",
        "Nombre": "Ventas Otros",
        "Monto": "0.00"
    }, {
        "Cuenta": "5000-001-000",
        "Nombre": "Costo de venta Equipo",
        "Monto": "0.00"
    }, {
        "Cuenta": "5000-003-000",
        "Nombre": "Costo de venta Otros",
        "Monto": "0.00"
    }, {
        "Cuenta": "5000-007-000",
        "Nombre": "COSTO DE VENTAS GRUPO",
        "Monto": "0.00"
    }, {
        "Cuenta": "6100-001-001",
        "Nombre": "SUELDOS",
        "Monto": "0.00"
    }, {
        "Cuenta": "6100-006-001",
        "Nombre": "SEGURO AUTOS",
        "Monto": "0.00"
    }, {
        "Cuenta": "6100-006-003",
        "Nombre": "COMBUSTIBLES Y LUBRICANTES",
        "Monto": "-0.00"
    }, {
        "Cuenta": "6100-011-001",
        "Nombre": "TELÉFONO",
        "Monto": "-0.00"
    }, {
        "Cuenta": "6100-012-002",
        "Nombre": "NO DEDUCIBLES",
        "Monto": "0.00"
    }, {
        "Cuenta": "6100-012-011",
        "Nombre": "HONORARIOS PERSONAS FISICAS",
        "Monto": "0.00"
    }, {
        "Cuenta": "6200-001-001",
        "Nombre": "SUELDOS",
        "Monto": "758,333.10"
    }, {
        "Cuenta": "6200-001-003",
        "Nombre": "BONOS",
        "Monto": "0.00"
    }, {
        "Cuenta": "6200-001-004",
        "Nombre": "AGUINALDO",
        "Monto": "0.00"
    }, {
        "Cuenta": "6200-001-006",
        "Nombre": "PRIMA VACACIONAL",
        "Monto": "0.00"
    }, {
        "Cuenta": "6200-003-001",
        "Nombre": "CUOTA I.M.S.S.",
        "Monto": "3,991.59"
    }, {
        "Cuenta": "6200-003-002",
        "Nombre": "APORTACIONES AL SAR",
        "Monto": "-0.00"
    }, {
        "Cuenta": "6200-003-003",
        "Nombre": "APORTACIONES AL INFONAVIT",
        "Monto": "0.00"
    }, {
        "Cuenta": "6200-003-004",
        "Nombre": "IMPUESTO SOBRE NOMINA",
        "Monto": "22,749.99"
    }, {
        "Cuenta": "6200-006-001",
        "Nombre": "SEGURO AUTOS",
        "Monto": "0.00"
    }, {
        "Cuenta": "6200-006-002",
        "Nombre": "GESTORIA",
        "Monto": "0.00"
    }, {
        "Cuenta": "6200-006-003",
        "Nombre": "COMBUSTIBLES Y LUBRICANTES",
        "Monto": "-0.00"
    }, {
        "Cuenta": "6200-006-004",
        "Nombre": "IMPUESTOS Y DERECHOS",
        "Monto": "0.00"
    }, {
        "Cuenta": "6200-006-006",
        "Nombre": "MANTTO. EQUIPO DE TRANSPORTE",
        "Monto": "0.00"
    }, {
        "Cuenta": "6200-007-001",
        "Nombre": "ARRENDAMIENTO DE AUTO",
        "Monto": "6,200.00"
    }, {
        "Cuenta": "6200-007-002",
        "Nombre": "GASTOS SIN REQUISITOS FISCALES",
        "Monto": "11,297.82"
    }, {
        "Cuenta": "6200-007-003",
        "Nombre": "OTROS GASTOS DE VENTA",
        "Monto": "19,925.56"
    }, {
        "Cuenta": "6200-011-001",
        "Nombre": "TELÉFONO",
        "Monto": "343.97"
    }, {
        "Cuenta": "6200-012-001",
        "Nombre": "CASETAS Y ESTACIONAMIENTOS",
        "Monto": "1,269.89"
    }, {
        "Cuenta": "6200-012-002",
        "Nombre": "NO DEDUCIBLES",
        "Monto": "41,008.00"
    }, {
        "Cuenta": "6200-012-004",
        "Nombre": "GASTOS DE OFICINA",
        "Monto": "28,544.90"
    }, {
        "Cuenta": "6200-012-011",
        "Nombre": "HONORARIOS PERSONAS FISICAS",
        "Monto": "0.00"
    }, {
        "Cuenta": "6200-012-024",
        "Nombre": "TRADUCCIONES",
        "Monto": "0.00"
    }, {
        "Cuenta": "6200-012-025",
        "Nombre": "REGISTROS SANITARIOS",
        "Monto": "0.00"
    }, {
        "Cuenta": "6200-012-032",
        "Nombre": "MULTAS",
        "Monto": "0.00"
    }, {
        "Cuenta": "6200-013-001",
        "Nombre": "SEGUROS Y FIANZAS",
        "Monto": "0.00"
    }, {
        "Cuenta": "6200-014-002",
        "Nombre": "DEPRECIACIÓN EQ. OFICINA",
        "Monto": "11,923.39"
    }, {
        "Cuenta": "6200-014-004",
        "Nombre": "DEPRECIACIÓN EQ. MÉDICO",
        "Monto": "4,851.81"
    }, {
        "Cuenta": "6200-014-005",
        "Nombre": "DEPRECIACIÓN EQ. CÓMPUTO",
        "Monto": "19,638.40"
    }, {
        "Cuenta": "6200-014-006",
        "Nombre": "DEPRECIACIÓN EDIFICIO",
        "Monto": "37,460.50"
    }]
}, {
    "Etiqueta": "UN-OM-BAHS",
    "Descripción": "OTICON MEDICAL BAHS",
    "Total": "1,262,087.81",
    "subrows": [{
        "Cuenta": "1120-001-002",
        "Nombre": "BBVA BANCOMER 1087809948",
        "Monto": "225,307.67"
    }, {
        "Cuenta": "1120-002-001",
        "Nombre": "BBVA BANCOMER 0117171811",
        "Monto": "-669,590.26"
    }, {
        "Cuenta": "1150-001-002",
        "Nombre": "PERSONAS FISICAS",
        "Monto": "0.00"
    }, {
        "Cuenta": "1150-001-003",
        "Nombre": "PERSONAS MORALES",
        "Monto": "0.00"
    }, {
        "Cuenta": "1150-001-005",
        "Nombre": "Representaciones y Dist. del Rello",
        "Monto": "2,885,338.71"
    }, {
        "Cuenta": "1150-001-016",
        "Nombre": "Instituto Otolonogico Monterrey SA de CV",
        "Monto": "0.00"
    }, {
        "Cuenta": "1190-001-000",
        "Nombre": "ALMACEN",
        "Monto": "3,079,938.75"
    }, {
        "Cuenta": "1190-002-000",
        "Nombre": "MERCANCIA EN TRANSITO",
        "Monto": "607,934.27"
    }, {
        "Cuenta": "1190-003-000",
        "Nombre": "ALMACÉN PARA PRÉSTAMOS",
        "Monto": "142,304.55"
    }, {
        "Cuenta": "1201-001-000",
        "Nombre": "IVA POR ACREDITAR",
        "Monto": "51,111.36"
    }, {
        "Cuenta": "2110-001-002",
        "Nombre": "Proveedores Nacionales",
        "Monto": "0.00"
    }, {
        "Cuenta": "2110-002-001",
        "Nombre": "Interacoustics (73708 )",
        "Monto": "-3,184,300.48"
    }, {
        "Cuenta": "2110-002-002",
        "Nombre": "Oticon A/S ( 74023 )",
        "Monto": "30.18"
    }, {
        "Cuenta": "2120-002-000",
        "Nombre": "Reembolsos",
        "Monto": "0.00"
    }, {
        "Cuenta": "2181-001-000",
        "Nombre": "IVA NO COBRADO",
        "Monto": "-907,903.57"
    }, {
        "Cuenta": "4100-001-000",
        "Nombre": "Ventas Equipo",
        "Monto": "-2,344,151.91"
    }, {
        "Cuenta": "4100-002-000",
        "Nombre": "Ventas Servicios",
        "Monto": "0.00"
    }, {
        "Cuenta": "4100-003-000",
        "Nombre": "Ventas Otros",
        "Monto": "-60,829.28"
    }, {
        "Cuenta": "5000-001-000",
        "Nombre": "Costo de venta Equipo",
        "Monto": "1,072,695.44"
    }, {
        "Cuenta": "5000-003-000",
        "Nombre": "Costo de venta Otros",
        "Monto": "-4,621.73"
    }, {
        "Cuenta": "5000-100-001",
        "Nombre": "Gastos Aduanales",
        "Monto": "-41,892.66"
    }, {
        "Cuenta": "5000-100-005",
        "Nombre": "AJUSTE STOCK",
        "Monto": "410,716.77"
    }, {
        "Cuenta": "6100-011-002",
        "Nombre": "MENSAJERIA",
        "Monto": "0.00"
    }, {
        "Cuenta": "6100-012-002",
        "Nombre": "NO DEDUCIBLES",
        "Monto": "0.00"
    }, {
        "Cuenta": "6100-012-024",
        "Nombre": "TRADUCCIONES",
        "Monto": "0.00"
    }, {
        "Cuenta": "6200-012-011",
        "Nombre": "HONORARIOS PERSONAS FISICAS",
        "Monto": "0.00"
    }, {
        "Cuenta": "6200-012-024",
        "Nombre": "TRADUCCIONES",
        "Monto": "0.00"
    }, {
        "Cuenta": "6200-012-025",
        "Nombre": "REGISTROS SANITARIOS",
        "Monto": "0.00"
    }, {
        "Cuenta": "6200-012-026",
        "Nombre": "CERTIFICACIONES",
        "Monto": "0.00"
    }]
}, {
    "Etiqueta": "UN-OM-CI",
    "Descripción": "OTICON MEDICAL CI",
    "Total": "1,020,460.78",
    "subrows": [{
        "Cuenta": "1110-001-000",
        "Nombre": "CAJA CHICA",
        "Monto": "1,700.88"
    }, {
        "Cuenta": "1120-001-002",
        "Nombre": "BBVA BANCOMER 1087809948",
        "Monto": "-43,022.23"
    }, {
        "Cuenta": "1150-001-001",
        "Nombre": "CLIENTES MOSTRADOR",
        "Monto": "4,888.01"
    }, {
        "Cuenta": "1150-001-002",
        "Nombre": "PERSONAS FISICAS",
        "Monto": "0.00"
    }, {
        "Cuenta": "1150-001-003",
        "Nombre": "PERSONAS MORALES",
        "Monto": "4,412.30"
    }, {
        "Cuenta": "1150-001-005",
        "Nombre": "Representaciones y Dist. del Rello",
        "Monto": "6,313.60"
    }, {
        "Cuenta": "1150-001-008",
        "Nombre": "Fundación Instituto Otologico",
        "Monto": "0.00"
    }, {
        "Cuenta": "1150-001-016",
        "Nombre": "Instituto Otolonogico Monterrey SA de CV",
        "Monto": "0.00"
    }, {
        "Cuenta": "1170-003-002",
        "Nombre": "\"Barrera Sucesores, S.C.\"",
        "Monto": "943,640.85"
    }, {
        "Cuenta": "1170-003-004",
        "Nombre": "Diferencias por redondeo",
        "Monto": "-0.06"
    }, {
        "Cuenta": "1170-003-023",
        "Nombre": "OTROS DEUDORES",
        "Monto": "28,470.44"
    }, {
        "Cuenta": "1190-001-000",
        "Nombre": "ALMACEN",
        "Monto": "393,259.84"
    }, {
        "Cuenta": "1190-002-000",
        "Nombre": "MERCANCIA EN TRANSITO",
        "Monto": "5,834.86"
    }, {
        "Cuenta": "1200-002-000",
        "Nombre": "IVA ACREDITABLE DE IMPORTACION PAGADO",
        "Monto": "101,879.00"
    }, {
        "Cuenta": "1201-001-000",
        "Nombre": "IVA POR ACREDITAR",
        "Monto": "85,138.28"
    }, {
        "Cuenta": "1215-000-000",
        "Nombre": "ANTICIPOS A PROVEEDORES",
        "Monto": "48,875.00"
    }, {
        "Cuenta": "2110-001-002",
        "Nombre": "Proveedores Nacionales",
        "Monto": "-103,338.40"
    }, {
        "Cuenta": "2110-002-001",
        "Nombre": "Interacoustics (73708 )",
        "Monto": "174,705.29"
    }, {
        "Cuenta": "2110-002-002",
        "Nombre": "Oticon A/S ( 74023 )",
        "Monto": "-2,441.25"
    }, {
        "Cuenta": "2110-002-008",
        "Nombre": "PROVEEDORES EXTRANJEROS GASTOS",
        "Monto": "-109,309.00"
    }, {
        "Cuenta": "2120-002-000",
        "Nombre": "Reembolsos",
        "Monto": "0.00"
    }, {
        "Cuenta": "2150-006-000",
        "Nombre": "RETENCIONES IVA AUTOTRANSPORTISTAS",
        "Monto": "-248.29"
    }, {
        "Cuenta": "2180-001-000",
        "Nombre": "IVA COBRADO",
        "Monto": "0.00"
    }, {
        "Cuenta": "2181-001-000",
        "Nombre": "IVA NO COBRADO",
        "Monto": "-689,353.71"
    }, {
        "Cuenta": "2190-001-000",
        "Nombre": "PERSONAS FISICAS",
        "Monto": "-157,461.89"
    }, {
        "Cuenta": "4100-001-000",
        "Nombre": "Ventas Equipo",
        "Monto": "0.00"
    }, {
        "Cuenta": "4100-002-000",
        "Nombre": "Ventas Servicios",
        "Monto": "-300.00"
    }, {
        "Cuenta": "4100-003-000",
        "Nombre": "Ventas Otros",
        "Monto": "-3,218.90"
    }, {
        "Cuenta": "5000-001-000",
        "Nombre": "Costo de venta Equipo",
        "Monto": "-0.00"
    }, {
        "Cuenta": "5000-003-000",
        "Nombre": "Costo de venta Otros",
        "Monto": "2,499.75"
    }, {
        "Cuenta": "5000-100-001",
        "Nombre": "Gastos Aduanales",
        "Monto": "0.00"
    }, {
        "Cuenta": "5000-100-005",
        "Nombre": "AJUSTE STOCK",
        "Monto": "0.00"
    }, {
        "Cuenta": "6100-001-001",
        "Nombre": "SUELDOS",
        "Monto": "234,014.70"
    }, {
        "Cuenta": "6100-001-003",
        "Nombre": "BONOS",
        "Monto": "0.00"
    }, {
        "Cuenta": "6100-001-004",
        "Nombre": "AGUINALDO",
        "Monto": "0.00"
    }, {
        "Cuenta": "6100-001-006",
        "Nombre": "PRIMA VACACIONAL",
        "Monto": "6,408.33"
    }, {
        "Cuenta": "6100-003-001",
        "Nombre": "CUOTA I.M.S.S.",
        "Monto": "9,082.35"
    }, {
        "Cuenta": "6100-003-002",
        "Nombre": "APORTACIONES AL SAR",
        "Monto": "0.00"
    }, {
        "Cuenta": "6100-003-003",
        "Nombre": "APORTACIONES AL INFONAVIT",
        "Monto": "0.00"
    }, {
        "Cuenta": "6100-003-004",
        "Nombre": "IMPUESTO SOBRE NOMINA",
        "Monto": "7,212.69"
    }, {
        "Cuenta": "6100-004-000",
        "Nombre": "PUBLICIDAD Y PROMOCIÓN",
        "Monto": "0.00"
    }, {
        "Cuenta": "6100-004-001",
        "Nombre": "PUBLICIDAD",
        "Monto": "0.00"
    }, {
        "Cuenta": "6100-004-002",
        "Nombre": "CONGRESOS",
        "Monto": "0.00"
    }, {
        "Cuenta": "6100-004-004",
        "Nombre": "SERVICIO DE INTERMEDIACION",
        "Monto": "0.00"
    }, {
        "Cuenta": "6100-005-001",
        "Nombre": "PASAJES Y TRANSPORTES LOCALES",
        "Monto": "1,084.78"
    }, {
        "Cuenta": "6100-005-002",
        "Nombre": "BOLETOS DE AVION",
        "Monto": "11,872.79"
    }, {
        "Cuenta": "6100-005-003",
        "Nombre": "RENTA DE AUTO",
        "Monto": "0.00"
    }, {
        "Cuenta": "6100-005-004",
        "Nombre": "HOSPEDAJE",
        "Monto": "0.00"
    }, {
        "Cuenta": "6100-005-005",
        "Nombre": "COMBUSTIBLE",
        "Monto": "-0.00"
    }, {
        "Cuenta": "6100-005-006",
        "Nombre": "ALIMENTOS",
        "Monto": "1,097.41"
    }, {
        "Cuenta": "6100-005-007",
        "Nombre": "OTROS GASTOS DE VIAJE",
        "Monto": "0.00"
    }, {
        "Cuenta": "6100-006-000",
        "Nombre": "GASTOS DE AUTO",
        "Monto": "358.00"
    }, {
        "Cuenta": "6100-006-003",
        "Nombre": "COMBUSTIBLES Y LUBRICANTES",
        "Monto": "865.70"
    }, {
        "Cuenta": "6100-006-004",
        "Nombre": "IMPUESTOS Y DERECHOS",
        "Monto": "43,584.17"
    }, {
        "Cuenta": "6100-006-006",
        "Nombre": "MANTTO. EQUIPO DE TRANSPORTE",
        "Monto": "0.00"
    }, {
        "Cuenta": "6100-007-003",
        "Nombre": "OTROS GASTOS DE VENTA",
        "Monto": "0.00"
    }, {
        "Cuenta": "6100-008-000",
        "Nombre": "MANTENIMIENTO Y REPARACIÓN",
        "Monto": "0.00"
    }, {
        "Cuenta": "6100-011-001",
        "Nombre": "TELÉFONO",
        "Monto": "3,361.85"
    }, {
        "Cuenta": "6100-011-002",
        "Nombre": "MENSAJERIA",
        "Monto": "317.36"
    }, {
        "Cuenta": "6100-012-001",
        "Nombre": "CASETAS Y ESTACIONAMIENTOS",
        "Monto": "0.00"
    }, {
        "Cuenta": "6100-012-002",
        "Nombre": "NO DEDUCIBLES",
        "Monto": "402.95"
    }, {
        "Cuenta": "6100-012-003",
        "Nombre": "OTROS GASTOS DE VENTA",
        "Monto": "0.00"
    }, {
        "Cuenta": "6100-012-004",
        "Nombre": "GASTOS DE OFICINA",
        "Monto": "0.00"
    }, {
        "Cuenta": "6100-012-005",
        "Nombre": "EQUIPO NO CAPITALIZABLE",
        "Monto": "0.00"
    }, {
        "Cuenta": "6100-012-009",
        "Nombre": "EQUIPO DE SEGURIDAD",
        "Monto": "1,731.74"
    }, {
        "Cuenta": "6100-012-010",
        "Nombre": "ATENCIÓN A CLIENTES",
        "Monto": "0.00"
    }, {
        "Cuenta": "6100-012-013",
        "Nombre": "UNIFORMES",
        "Monto": "-0.00"
    }, {
        "Cuenta": "6100-012-014",
        "Nombre": "PAPELERIA Y ARTICULOS DE OFICINA",
        "Monto": "0.00"
    }, {
        "Cuenta": "6100-012-015",
        "Nombre": "DIVERSOS",
        "Monto": "0.00"
    }, {
        "Cuenta": "6100-012-022",
        "Nombre": "ACCESORIOS",
        "Monto": "0.00"
    }, {
        "Cuenta": "6100-012-024",
        "Nombre": "TRADUCCIONES",
        "Monto": "0.00"
    }, {
        "Cuenta": "6100-012-029",
        "Nombre": "PAGINA WEB",
        "Monto": "0.00"
    }, {
        "Cuenta": "6200-011-002",
        "Nombre": "MENSAJERIA",
        "Monto": "0.00"
    }, {
        "Cuenta": "6200-012-024",
        "Nombre": "TRADUCCIONES",
        "Monto": "0.00"
    }, {
        "Cuenta": "6200-012-025",
        "Nombre": "REGISTROS SANITARIOS",
        "Monto": "0.00"
    }, {
        "Cuenta": "6200-012-026",
        "Nombre": "CERTIFICACIONES",
        "Monto": "0.00"
    }, {
        "Cuenta": "6200-012-033",
        "Nombre": "DONATIVOS",
        "Monto": "0.00"
    }, {
        "Cuenta": "6200-013-001",
        "Nombre": "SEGUROS Y FIANZAS",
        "Monto": "0.00"
    }, {
        "Cuenta": "6200-014-001",
        "Nombre": "DEPRECIACIÓN EQ. TRANSPORTE",
        "Monto": "4,759.16"
    }, {
        "Cuenta": "6200-014-005",
        "Nombre": "DEPRECIACIÓN EQ. CÓMPUTO",
        "Monto": "1,382.43"
    }]
}, {
    "Etiqueta": "UN-PHILIPS",
    "Descripción": "PHILIPS",
    "Total": "-709,657.84",
    "subrows": [{
        "Cuenta": "1120-001-002",
        "Nombre": "BBVA BANCOMER 1087809948",
        "Monto": "5,528,069.96"
    }, {
        "Cuenta": "1150-001-018",
        "Nombre": "COSTCO DE MEXICO SA DE CV",
        "Monto": "4,024,586.43"
    }, {
        "Cuenta": "1151-001-000",
        "Nombre": "COMPENSACION ",
        "Monto": "-641,609.68"
    }, {
        "Cuenta": "1170-003-002",
        "Nombre": "\"Barrera Sucesores, S.C.\"",
        "Monto": "802,746.55"
    }, {
        "Cuenta": "1170-003-004",
        "Nombre": "Diferencias por redondeo",
        "Monto": "168.53"
    }, {
        "Cuenta": "1170-003-023",
        "Nombre": "OTROS DEUDORES",
        "Monto": "16.49"
    }, {
        "Cuenta": "1190-001-000",
        "Nombre": "ALMACEN",
        "Monto": "14,303,024.40"
    }, {
        "Cuenta": "1190-002-000",
        "Nombre": "MERCANCIA EN TRANSITO",
        "Monto": "2,332,346.45"
    }, {
        "Cuenta": "1190-003-000",
        "Nombre": "ALMACÉN PARA PRÉSTAMOS",
        "Monto": "106,365.35"
    }, {
        "Cuenta": "1200-002-000",
        "Nombre": "IVA ACREDITABLE DE IMPORTACION PAGADO",
        "Monto": "4,063,453.00"
    }, {
        "Cuenta": "1201-001-000",
        "Nombre": "IVA POR ACREDITAR",
        "Monto": "401,412.99"
    }, {
        "Cuenta": "2110-001-002",
        "Nombre": "Proveedores Nacionales",
        "Monto": "-714,557.95"
    }, {
        "Cuenta": "2110-002-002",
        "Nombre": "Oticon A/S ( 74023 )",
        "Monto": "-22,154,473.05"
    }, {
        "Cuenta": "2110-002-008",
        "Nombre": "PROVEEDORES EXTRANJEROS GASTOS",
        "Monto": "-4,149,576.00"
    }, {
        "Cuenta": "2120-002-000",
        "Nombre": "Reembolsos",
        "Monto": "-3,433.75"
    }, {
        "Cuenta": "2150-003-000",
        "Nombre": "RETENCIONES ISR 10% HONORARIOS",
        "Monto": "-569.60"
    }, {
        "Cuenta": "2150-005-000",
        "Nombre": "RETENCIONES IVA PERSONAS FISICAS",
        "Monto": "-607.57"
    }, {
        "Cuenta": "2150-006-000",
        "Nombre": "RETENCIONES IVA AUTOTRANSPORTISTAS",
        "Monto": "-717.88"
    }, {
        "Cuenta": "2181-001-000",
        "Nombre": "IVA NO COBRADO",
        "Monto": "-4,125,636.50"
    }, {
        "Cuenta": "4100-001-000",
        "Nombre": "Ventas Equipo",
        "Monto": "-3,919,600.00"
    }, {
        "Cuenta": "4100-002-000",
        "Nombre": "Ventas Servicios",
        "Monto": "-2,600.00"
    }, {
        "Cuenta": "4100-003-000",
        "Nombre": "Ventas Otros",
        "Monto": "-19,250.00"
    }, {
        "Cuenta": "4100-004-000",
        "Nombre": "Ventas Consumibles",
        "Monto": "-5,600.00"
    }, {
        "Cuenta": "4100-006-000",
        "Nombre": "MOLDES",
        "Monto": "-52,000.00"
    }, {
        "Cuenta": "4200-001-000",
        "Nombre": "Desc. y Dev. s/ventas Equipo",
        "Monto": "0.00"
    }, {
        "Cuenta": "4200-003-000",
        "Nombre": "Desc. y Dev. s/ventas Otros",
        "Monto": "0.00"
    }, {
        "Cuenta": "5000-001-000",
        "Nombre": "Costo de venta Equipo",
        "Monto": "2,964,726.73"
    }, {
        "Cuenta": "5000-003-000",
        "Nombre": "Costo de venta Otros",
        "Monto": "89,396.15"
    }, {
        "Cuenta": "5000-004-000",
        "Nombre": "Costo de venta Consumibles",
        "Monto": "83,871.89"
    }, {
        "Cuenta": "5000-006-000",
        "Nombre": "Costo de venta Moldes",
        "Monto": "16,911.67"
    }, {
        "Cuenta": "5000-008-000",
        "Nombre": "CARGO POR DEVOLUCIÓN DINAMARCA",
        "Monto": "0.00"
    }, {
        "Cuenta": "5000-100-001",
        "Nombre": "Gastos Aduanales",
        "Monto": "28,300.06"
    }, {
        "Cuenta": "5000-100-005",
        "Nombre": "AJUSTE STOCK",
        "Monto": "1,764.25"
    }, {
        "Cuenta": "6100-001-001",
        "Nombre": "SUELDOS",
        "Monto": "204,561.00"
    }, {
        "Cuenta": "6100-001-003",
        "Nombre": "BONOS",
        "Monto": "930.45"
    }, {
        "Cuenta": "6100-001-004",
        "Nombre": "AGUINALDO",
        "Monto": "0.00"
    }, {
        "Cuenta": "6100-001-006",
        "Nombre": "PRIMA VACACIONAL",
        "Monto": "0.00"
    }, {
        "Cuenta": "6100-003-001",
        "Nombre": "CUOTA I.M.S.S.",
        "Monto": "8,138.42"
    }, {
        "Cuenta": "6100-003-002",
        "Nombre": "APORTACIONES AL SAR",
        "Monto": "-0.00"
    }, {
        "Cuenta": "6100-003-003",
        "Nombre": "APORTACIONES AL INFONAVIT",
        "Monto": "0.00"
    }, {
        "Cuenta": "6100-003-004",
        "Nombre": "IMPUESTO SOBRE NOMINA",
        "Monto": "6,164.74"
    }, {
        "Cuenta": "6100-003-005",
        "Nombre": "CAPACITACIÓN AL PERSONAL",
        "Monto": "0.00"
    }, {
        "Cuenta": "6100-004-000",
        "Nombre": "PUBLICIDAD Y PROMOCIÓN",
        "Monto": "0.00"
    }, {
        "Cuenta": "6100-005-001",
        "Nombre": "PASAJES Y TRANSPORTES LOCALES",
        "Monto": "2,341.23"
    }, {
        "Cuenta": "6100-005-002",
        "Nombre": "BOLETOS DE AVION",
        "Monto": "2,598.93"
    }, {
        "Cuenta": "6100-005-003",
        "Nombre": "RENTA DE AUTO",
        "Monto": "0.00"
    }, {
        "Cuenta": "6100-005-004",
        "Nombre": "HOSPEDAJE",
        "Monto": "3,242.46"
    }, {
        "Cuenta": "6100-005-006",
        "Nombre": "ALIMENTOS",
        "Monto": "1,030.67"
    }, {
        "Cuenta": "6100-005-007",
        "Nombre": "OTROS GASTOS DE VIAJE",
        "Monto": "0.00"
    }, {
        "Cuenta": "6100-006-001",
        "Nombre": "SEGURO AUTOS",
        "Monto": "0.00"
    }, {
        "Cuenta": "6100-006-003",
        "Nombre": "COMBUSTIBLES Y LUBRICANTES",
        "Monto": "0.00"
    }, {
        "Cuenta": "6100-006-004",
        "Nombre": "IMPUESTOS Y DERECHOS",
        "Monto": "0.00"
    }, {
        "Cuenta": "6100-006-006",
        "Nombre": "MANTTO. EQUIPO DE TRANSPORTE",
        "Monto": "6,465.52"
    }, {
        "Cuenta": "6100-007-001",
        "Nombre": "ARRENDAMIENTO DE AUTO",
        "Monto": "6,028.19"
    }, {
        "Cuenta": "6100-008-000",
        "Nombre": "MANTENIMIENTO Y REPARACIÓN",
        "Monto": "0.00"
    }, {
        "Cuenta": "6100-011-001",
        "Nombre": "TELÉFONO",
        "Monto": "1,081.78"
    }, {
        "Cuenta": "6100-011-002",
        "Nombre": "MENSAJERIA",
        "Monto": "69,103.51"
    }, {
        "Cuenta": "6100-012-002",
        "Nombre": "NO DEDUCIBLES",
        "Monto": "577.49"
    }, {
        "Cuenta": "6100-012-013",
        "Nombre": "UNIFORMES",
        "Monto": "0.00"
    }, {
        "Cuenta": "6100-012-014",
        "Nombre": "PAPELERIA Y ARTICULOS DE OFICINA",
        "Monto": "0.00"
    }, {
        "Cuenta": "6100-012-016",
        "Nombre": "SERV. PORTAL DETECNO",
        "Monto": "0.00"
    }, {
        "Cuenta": "6100-012-018",
        "Nombre": "CUOTAS Y SUSCRIPCIONES",
        "Monto": "0.00"
    }, {
        "Cuenta": "6100-012-022",
        "Nombre": "ACCESORIOS",
        "Monto": "0.00"
    }, {
        "Cuenta": "6100-012-026",
        "Nombre": "CERTIFICACIONES",
        "Monto": "0.00"
    }, {
        "Cuenta": "6200-005-002",
        "Nombre": "BOLETOS DE AVION",
        "Monto": "12,942.00"
    }, {
        "Cuenta": "6200-006-002",
        "Nombre": "GESTORIA",
        "Monto": "0.00"
    }, {
        "Cuenta": "6200-007-001",
        "Nombre": "ARRENDAMIENTO DE AUTO",
        "Monto": "0.00"
    }, {
        "Cuenta": "6200-010-002",
        "Nombre": "ARRENDAMIENTO PERSONAS MORALES",
        "Monto": "0.00"
    }, {
        "Cuenta": "6200-012-001",
        "Nombre": "CASETAS Y ESTACIONAMIENTOS",
        "Monto": "0.00"
    }, {
        "Cuenta": "6200-012-002",
        "Nombre": "NO DEDUCIBLES",
        "Monto": "0.00"
    }, {
        "Cuenta": "6200-012-011",
        "Nombre": "HONORARIOS PERSONAS FISICAS",
        "Monto": "444.00"
    }, {
        "Cuenta": "6200-012-013",
        "Nombre": "UNIFORMES",
        "Monto": "0.00"
    }, {
        "Cuenta": "6200-012-014",
        "Nombre": "PAPELERIA Y ARTICULOS DE OFICINA",
        "Monto": "0.00"
    }, {
        "Cuenta": "6200-012-016",
        "Nombre": "SERV. PORTAL DETECNO",
        "Monto": "0.00"
    }, {
        "Cuenta": "6200-012-024",
        "Nombre": "TRADUCCIONES",
        "Monto": "0.00"
    }, {
        "Cuenta": "6200-012-025",
        "Nombre": "REGISTROS SANITARIOS",
        "Monto": "3,354.00"
    }, {
        "Cuenta": "6200-012-026",
        "Nombre": "CERTIFICACIONES",
        "Monto": "0.00"
    }, {
        "Cuenta": "6200-013-001",
        "Nombre": "SEGUROS Y FIANZAS",
        "Monto": "0.00"
    }, {
        "Cuenta": "6200-014-001",
        "Nombre": "DEPRECIACIÓN EQ. TRANSPORTE",
        "Monto": "3,645.83"
    }, {
        "Cuenta": "6200-014-005",
        "Nombre": "DEPRECIACIÓN EQ. CÓMPUTO",
        "Monto": "763.02"
    }]
}, {
    "Etiqueta": "UN-SANIBEL",
    "Descripción": "SANIBEL SUPPLY WEB",
    "Total": "657,849.56",
    "subrows": [{
        "Cuenta": "1150-001-001",
        "Nombre": "CLIENTES MOSTRADOR",
        "Monto": "-0.00"
    }, {
        "Cuenta": "1150-001-003",
        "Nombre": "PERSONAS MORALES",
        "Monto": "0.00"
    }, {
        "Cuenta": "1150-001-004",
        "Nombre": "Distribuidora de Eq. Audiologicos",
        "Monto": "0.00"
    }, {
        "Cuenta": "1150-001-005",
        "Nombre": "Representaciones y Dist. del Rello",
        "Monto": "0.00"
    }, {
        "Cuenta": "1190-001-000",
        "Nombre": "ALMACEN",
        "Monto": "653,687.03"
    }, {
        "Cuenta": "1190-002-000",
        "Nombre": "MERCANCIA EN TRANSITO",
        "Monto": "5,555.14"
    }, {
        "Cuenta": "2181-001-000",
        "Nombre": "IVA NO COBRADO",
        "Monto": "-1,392.61"
    }, {
        "Cuenta": "4100-002-000",
        "Nombre": "Ventas Servicios",
        "Monto": "0.00"
    }, {
        "Cuenta": "4100-003-000",
        "Nombre": "Ventas Otros",
        "Monto": "0.00"
    }, {
        "Cuenta": "4100-004-000",
        "Nombre": "Ventas Consumibles",
        "Monto": "-0.00"
    }, {
        "Cuenta": "5000-003-000",
        "Nombre": "Costo de venta Otros",
        "Monto": "0.00"
    }, {
        "Cuenta": "5000-004-000",
        "Nombre": "Costo de venta Consumibles",
        "Monto": "-0.00"
    }, {
        "Cuenta": "6100-012-023",
        "Nombre": "DOMINIOS",
        "Monto": "0.00"
    }]
}, {
    "Etiqueta": "UN-SONIC",
    "Descripción": "SONIC",
    "Total": "-81,382.00",
    "subrows": [{
        "Cuenta": "1120-001-002",
        "Nombre": "BBVA BANCOMER 1087809948",
        "Monto": "-83,319.92"
    }, {
        "Cuenta": "1201-001-000",
        "Nombre": "IVA POR ACREDITAR",
        "Monto": "1,937.92"
    }, {
        "Cuenta": "6100-012-011",
        "Nombre": "HONORARIOS PERSONAS FISICAS",
        "Monto": "0.00"
    }, {
        "Cuenta": "6200-012-011",
        "Nombre": "HONORARIOS PERSONAS FISICAS",
        "Monto": "0.00"
    }, {
        "Cuenta": "6200-012-024",
        "Nombre": "TRADUCCIONES",
        "Monto": "0.00"
    }, {
        "Cuenta": "6200-012-025",
        "Nombre": "REGISTROS SANITARIOS",
        "Monto": "0.00"
    }]
}, {
    "Etiqueta": "UN-TIJUANA",
    "Descripción": "TIJUANA",
    "Total": "-9,869,457.43",
    "subrows": [{
        "Cuenta": "1120-001-001",
        "Nombre": "BBVA BANCOMER 0185130662",
        "Monto": "-84,261.97"
    }, {
        "Cuenta": "1120-001-002",
        "Nombre": "BBVA BANCOMER 1087809948",
        "Monto": "120,036.67"
    }, {
        "Cuenta": "1120-002-001",
        "Nombre": "BBVA BANCOMER 0117171811",
        "Monto": "-13,098,521.03"
    }, {
        "Cuenta": "1150-001-019",
        "Nombre": "DEMANT OPERATIONS",
        "Monto": "40,906.09"
    }, {
        "Cuenta": "1150-001-021",
        "Nombre": "UNITECH FOAM SA DE CV",
        "Monto": "2,678,818.68"
    }, {
        "Cuenta": "1150-002-001",
        "Nombre": "OTICON AS",
        "Monto": "3,212,340.31"
    }, {
        "Cuenta": "1201-001-000",
        "Nombre": "IVA POR ACREDITAR",
        "Monto": "3,226,480.54"
    }, {
        "Cuenta": "2110-001-002",
        "Nombre": "Proveedores Nacionales",
        "Monto": "-44,927.74"
    }, {
        "Cuenta": "2120-001-000",
        "Nombre": "ACREEDORES DIVERSOS",
        "Monto": "0.00"
    }, {
        "Cuenta": "2181-001-000",
        "Nombre": "IVA NO COBRADO",
        "Monto": "-3,154,930.52"
    }, {
        "Cuenta": "4100-002-000",
        "Nombre": "Ventas Servicios",
        "Monto": "-0.00"
    }, {
        "Cuenta": "4100-008-001",
        "Nombre": "INGRESOS REEMBOLSOS",
        "Monto": "-152,657.97"
    }, {
        "Cuenta": "4100-008-002",
        "Nombre": "INGRESOS RENTA",
        "Monto": "-4,581,112.82"
    }, {
        "Cuenta": "4100-008-003",
        "Nombre": "INGRESOS POR FEE",
        "Monto": "-168,372.79"
    }, {
        "Cuenta": "4100-008-004",
        "Nombre": "INGRESOS MTTO TIJUANA",
        "Monto": "-151,613.52"
    }, {
        "Cuenta": "4100-008-005",
        "Nombre": "REEMBOLSO AGUA TIJUANA",
        "Monto": "-75,083.38"
    }, {
        "Cuenta": "4100-008-006",
        "Nombre": "EXCEDENTE RENTA",
        "Monto": "-28,200.82"
    }, {
        "Cuenta": "6300-001-000",
        "Nombre": "RENTA TIJUANA",
        "Monto": "2,276,456.00"
    }, {
        "Cuenta": "6300-002-000",
        "Nombre": "SEGUROS TIJUANA",
        "Monto": "0.00"
    }, {
        "Cuenta": "6300-003-000",
        "Nombre": "MANTENIMIENTO TIJUANA",
        "Monto": "75,806.76"
    }, {
        "Cuenta": "6300-004-000",
        "Nombre": "AGUA TIJUANA",
        "Monto": "39,380.08"
    }, {
        "Cuenta": "6300-006-000",
        "Nombre": "REEMBOLSO GASTOS VARIOS TIJUANA",
        "Monto": "0.00"
    }, {
        "Cuenta": "7100-002-000",
        "Nombre": "UTILIDAD CAMBIARIA",
        "Monto": "0.00"
    }, {
        "Cuenta": "7300-003-000",
        "Nombre": "TIPO DE CAMBIO TIJUANA",
        "Monto": "0.00"
    }]
}]