[{
        "Nro": 10000009504,
        "Nro Folio Factura": "10000009504",
        "Tipo de Factura": "Factura",
        "Tipo": "Factura",
        "Fecha Trans.": "01/02/2022",
        "Fecha Factura": "01/02/2022",
        "Fecha Vto.": "03/03/2022",
        "Cliente": "000240",
        "Nombre del Cliente": "Costco De Mexico SA De CV",
        "Vendedor": "LOHR",
        "Sucursal": "01",
        "Moneda": "MXN",
        "IVA": "2,272.00",
        "Impuestos": "0.00",
        "Sub-Total": "14,200.00",
        "Total": "16,472.00",
        "subrows": [{
            "Cód. Artículo": "222316",
            "Nombre": "Hearlink 9030 Mnr T R Dg",
            "Cant.": "1.00",
            "Precio": "7,100.00",
            "Descuento": "0.00",
            "Neto Fila": "7,100.00",
            "Total Fila": "8,236.00"
        }, {
            "Cód. Artículo": "204469",
            "Nombre": "Shell Set, Top Mnr T R Gr Dpb Led",
            "Cant.": "2.00",
            "Precio": "0.01",
            "Descuento": "100.00",
            "Neto Fila": "0.00",
            "Total Fila": "0.00"
        }]
    }, {
        "Nro": 10000009505,
        "Nro Folio Factura": "10000009505",
        "Tipo de Factura": "Factura",
        "Tipo": "Factura",
        "Fecha Trans.": "01/02/2022",
        "Fecha Factura": "01/02/2022",
        "Fecha Vto.": "03/03/2022",
        "Cliente": "000240",
        "Nombre del Cliente": "Costco De Mexico SA De CV",
        "Vendedor": "LOHR",
        "Sucursal": "01",
        "Moneda": "MXN",
        "IVA": "2,272.00",
        "Impuestos": "0.00",
        "Sub-Total": "14,200.00",
        "Total": "16,472.00",
        "subrows": [{
            "Cód. Artículo": "222316",
            "Nombre": "Hearlink 9030 Mnr T R Dg",
            "Cant.": "1.00",
            "Precio": "7,100.00",
            "Descuento": "0.00",
            "Neto Fila": "7,100.00",
            "Total Fila": "8,236.00"
        }, {
            "Cód. Artículo": "204469",
            "Nombre": "Shell Set, Top Mnr T R Gr Dpb Led",
            "Cant.": "2.00",
            "Precio": "0.01",
            "Descuento": "100.00",
            "Neto Fila": "0.00",
            "Total Fila": "0.00"
        }]
    }]