[{
    "Nro": 20000000001,
    "Nro Orden Compra Cliente": "701-0501-007",
    "Fecha": "03/05/2021",
    "Fecha Ult. Actualización": "18/05/2021 16:15:11",
    "Cliente": "000302",
    "Nombre del Cliente": "Costco De Mexico Sa De Cv",
    "Moneda": "MXN",
    "SubTotal": "24,898.00",
    "Total": "28,881.68",
    "Vendedor": "EDFI",
    "Departamento": "",
    "Aprobado": "Si",
    "Grupo de Venta": "VTADIRECTA",
    "Cerrado": "No",
    "Facturado": "Si",
    "Entregado": "Si",
    "subrows": []
}, {
    "Nro": 20000000002,
    "Nro Orden Compra Cliente": "701-0501-008",
    "Fecha": "03/05/2021",
    "Fecha Ult. Actualización": "11/05/2021 18:10:13",
    "Cliente": "000302",
    "Nombre del Cliente": "Costco De Mexico Sa De Cv",
    "Moneda": "MXN",
    "SubTotal": "2,743.00",
    "Total": "3,181.88",
    "Vendedor": "LOHR",
    "Departamento": "",
    "Aprobado": "Si",
    "Grupo de Venta": "VTADIRECTA",
    "Cerrado": "No",
    "Facturado": "Si",
    "Entregado": "Si",
    "subrows": []
}]