{"@t":"2021-11-10T13:44:39.6459897Z","@mt":"Application started. Press Ctrl+C to shut down.","SourceContext":"Microsoft.Hosting.Lifetime","MachineName":"DESKTOP-24KAF4Q","ThreadId":1,"Application":"CreditParticipantsAPI"}
{"@t":"2021-11-10T13:44:39.7403634Z","@mt":"Hosting environment: {envName}","envName":"Development","SourceContext":"Microsoft.Hosting.Lifetime","MachineName":"DESKTOP-24KAF4Q","ThreadId":1,"Application":"CreditParticipantsAPI"}
{"@t":"2021-11-10T13:44:39.7410007Z","@mt":"Content root path: {contentRoot}","contentRoot":"C:\\bpi\\07_Assuntos\\01_CreditsParticipants\\BancoBpi.CreditParticipantsAPI.API","SourceContext":"Microsoft.Hosting.Lifetime","MachineName":"DESKTOP-24KAF4Q","ThreadId":1,"Application":"CreditParticipantsAPI"}
{"@t":"2021-11-10T13:44:39.7566422Z","@mt":"{HostingRequestStartingLog:l}","@r":["Request starting HTTP/2 GET https://localhost:44301/CreditParticipantsAPI/v1/api-docs/index.html - -"],"Protocol":"HTTP/2","Method":"GET","ContentType":null,"ContentLength":null,"Scheme":"https","Host":"localhost:44301","PathBase":"","Path":"/CreditParticipantsAPI/v1/api-docs/index.html","QueryString":"","HostingRequestStartingLog":"Request starting HTTP/2 GET https://localhost:44301/CreditParticipantsAPI/v1/api-docs/index.html - -","EventId":{"Id":1,"Name":"RequestStarting"},"SourceContext":"Microsoft.AspNetCore.Hosting.Diagnostics","RequestId":"8000007e-0001-fd00-b63f-84710c7967bb","RequestPath":"/CreditParticipantsAPI/v1/api-docs/index.html","MachineName":"DESKTOP-24KAF4Q","ThreadId":4,"SpanId":"|5a0dbc9a-43c7d152cc2f2e2b.","TraceId":"5a0dbc9a-43c7d152cc2f2e2b","ParentId":"","Application":"CreditParticipantsAPI"}
{"@t":"2021-11-10T13:44:40.1026904Z","@mt":"Pluggable: {Service.TimeTaken} {Service.ResponseStatus}","Service.TimeTaken":318,"Service.ResponseStatus":200,"SourceContext":"BancoBpi.Pluggable.API.Middlewares.MonitoringMiddleware","x-request-id":"00000000000000000000000000000000","x-api-context":"DefaultApiName","x-api-name":"DefaultApiName","x-api-major-version":"v1","RequestId":"8000007e-0001-fd00-b63f-84710c7967bb","RequestPath":"/CreditParticipantsAPI/v1/api-docs/index.html","MachineName":"DESKTOP-24KAF4Q","ThreadId":4,"SpanId":"|5a0dbc9a-43c7d152cc2f2e2b.","TraceId":"5a0dbc9a-43c7d152cc2f2e2b","ParentId":"","Application":"CreditParticipantsAPI"}
{"@t":"2021-11-10T13:44:40.1191226Z","@mt":"{HostingRequestFinishedLog:l}","@r":["Request finished HTTP/2 GET https://localhost:44301/CreditParticipantsAPI/v1/api-docs/index.html - - - 200 - text/html 371.7016ms"],"ElapsedMilliseconds":371.7016,"StatusCode":200,"ContentType":"text/html","ContentLength":null,"Protocol":"HTTP/2","Method":"GET","Scheme":"https","Host":"localhost:44301","PathBase":"","Path":"/CreditParticipantsAPI/v1/api-docs/index.html","QueryString":"","HostingRequestFinishedLog":"Request finished HTTP/2 GET https://localhost:44301/CreditParticipantsAPI/v1/api-docs/index.html - - - 200 - text/html 371.7016ms","EventId":{"Id":2,"Name":"RequestFinished"},"SourceContext":"Microsoft.AspNetCore.Hosting.Diagnostics","RequestId":"8000007e-0001-fd00-b63f-84710c7967bb","RequestPath":"/CreditParticipantsAPI/v1/api-docs/index.html","MachineName":"DESKTOP-24KAF4Q","ThreadId":9,"SpanId":"|5a0dbc9a-43c7d152cc2f2e2b.","TraceId":"5a0dbc9a-43c7d152cc2f2e2b","ParentId":"","Application":"CreditParticipantsAPI"}
{"@t":"2021-11-10T13:44:40.3329843Z","@mt":"{HostingRequestStartingLog:l}","@r":["Request starting HTTP/2 GET https://localhost:44301/CreditParticipantsAPI/v1/contract/openapi.yaml - -"],"Protocol":"HTTP/2","Method":"GET","ContentType":null,"ContentLength":null,"Scheme":"https","Host":"localhost:44301","PathBase":"","Path":"/CreditParticipantsAPI/v1/contract/openapi.yaml","QueryString":"","HostingRequestStartingLog":"Request starting HTTP/2 GET https://localhost:44301/CreditParticipantsAPI/v1/contract/openapi.yaml - -","EventId":{"Id":1,"Name":"RequestStarting"},"SourceContext":"Microsoft.AspNetCore.Hosting.Diagnostics","RequestId":"8000013c-0000-fb00-b63f-84710c7967bb","RequestPath":"/CreditParticipantsAPI/v1/contract/openapi.yaml","MachineName":"DESKTOP-24KAF4Q","ThreadId":9,"SpanId":"460323c76e963541","TraceId":"64bcc7be8e4b8d4fb66161746a3810f6","ParentId":"0000000000000000","Application":"CreditParticipantsAPI"}
{"@t":"2021-11-10T13:44:40.3577138Z","@mt":"The file {Path} was not modified","Path":"/contract/openapi.yaml","EventId":{"Id":6,"Name":"FileNotModified"},"SourceContext":"Microsoft.AspNetCore.StaticFiles.StaticFileMiddleware","x-request-id":"64bcc7be8e4b8d4fb66161746a3810f6","x-api-context":"DefaultApiName","x-api-name":"DefaultApiName","x-api-major-version":"v1","RequestId":"8000013c-0000-fb00-b63f-84710c7967bb","RequestPath":"/CreditParticipantsAPI/v1/contract/openapi.yaml","MachineName":"DESKTOP-24KAF4Q","ThreadId":9,"SpanId":"460323c76e963541","TraceId":"64bcc7be8e4b8d4fb66161746a3810f6","ParentId":"0000000000000000","Application":"CreditParticipantsAPI"}
{"@t":"2021-11-10T13:44:40.3603808Z","@mt":"Pluggable: {Service.TimeTaken} {Service.ResponseStatus}","Service.TimeTaken":25,"Service.ResponseStatus":304,"SourceContext":"BancoBpi.Pluggable.API.Middlewares.MonitoringMiddleware","x-request-id":"64bcc7be8e4b8d4fb66161746a3810f6","x-api-context":"DefaultApiName","x-api-name":"DefaultApiName","x-api-major-version":"v1","RequestId":"8000013c-0000-fb00-b63f-84710c7967bb","RequestPath":"/CreditParticipantsAPI/v1/contract/openapi.yaml","MachineName":"DESKTOP-24KAF4Q","ThreadId":9,"SpanId":"460323c76e963541","TraceId":"64bcc7be8e4b8d4fb66161746a3810f6","ParentId":"0000000000000000","Application":"CreditParticipantsAPI"}
{"@t":"2021-11-10T13:44:40.3613890Z","@mt":"{HostingRequestFinishedLog:l}","@r":["Request finished HTTP/2 GET https://localhost:44301/CreditParticipantsAPI/v1/contract/openapi.yaml - - - 304 - text/yaml 28.4244ms"],"ElapsedMilliseconds":28.4244,"StatusCode":304,"ContentType":"text/yaml","ContentLength":null,"Protocol":"HTTP/2","Method":"GET","Scheme":"https","Host":"localhost:44301","PathBase":"","Path":"/CreditParticipantsAPI/v1/contract/openapi.yaml","QueryString":"","HostingRequestFinishedLog":"Request finished HTTP/2 GET https://localhost:44301/CreditParticipantsAPI/v1/contract/openapi.yaml - - - 304 - text/yaml 28.4244ms","EventId":{"Id":2,"Name":"RequestFinished"},"SourceContext":"Microsoft.AspNetCore.Hosting.Diagnostics","RequestId":"8000013c-0000-fb00-b63f-84710c7967bb","RequestPath":"/CreditParticipantsAPI/v1/contract/openapi.yaml","MachineName":"DESKTOP-24KAF4Q","ThreadId":9,"SpanId":"460323c76e963541","TraceId":"64bcc7be8e4b8d4fb66161746a3810f6","ParentId":"0000000000000000","Application":"CreditParticipantsAPI"}
{"@t":"2021-11-10T17:24:30.1515482Z","@mt":"Application started. Press Ctrl+C to shut down.","SourceContext":"Microsoft.Hosting.Lifetime","MachineName":"DESKTOP-24KAF4Q","ThreadId":1,"Application":"CreditParticipantsAPI"}
{"@t":"2021-11-10T17:24:30.2495322Z","@mt":"Hosting environment: {envName}","envName":"Development","SourceContext":"Microsoft.Hosting.Lifetime","MachineName":"DESKTOP-24KAF4Q","ThreadId":1,"Application":"CreditParticipantsAPI"}
{"@t":"2021-11-10T17:24:30.2539692Z","@mt":"Content root path: {contentRoot}","contentRoot":"C:\\bpi\\07_Assuntos\\01_CreditsParticipants\\BancoBpi.CreditParticipantsAPI.API","SourceContext":"Microsoft.Hosting.Lifetime","MachineName":"DESKTOP-24KAF4Q","ThreadId":1,"Application":"CreditParticipantsAPI"}
{"@t":"2021-11-10T17:24:30.2711207Z","@mt":"{HostingRequestStartingLog:l}","@r":["Request starting HTTP/2 GET https://localhost:44301/CreditParticipantsAPI/v1/api-docs/index.html - -"],"Protocol":"HTTP/2","Method":"GET","ContentType":null,"ContentLength":null,"Scheme":"https","Host":"localhost:44301","PathBase":"","Path":"/CreditParticipantsAPI/v1/api-docs/index.html","QueryString":"","HostingRequestStartingLog":"Request starting HTTP/2 GET https://localhost:44301/CreditParticipantsAPI/v1/api-docs/index.html - -","EventId":{"Id":1,"Name":"RequestStarting"},"SourceContext":"Microsoft.AspNetCore.Hosting.Diagnostics","RequestId":"8000006c-0000-fd00-b63f-84710c7967bb","RequestPath":"/CreditParticipantsAPI/v1/api-docs/index.html","MachineName":"DESKTOP-24KAF4Q","ThreadId":9,"SpanId":"|77305f1e-40e76c10bf267b4e.","TraceId":"77305f1e-40e76c10bf267b4e","ParentId":"","Application":"CreditParticipantsAPI"}
{"@t":"2021-11-10T17:24:30.5714073Z","@mt":"Pluggable: {Service.TimeTaken} {Service.ResponseStatus}","Service.TimeTaken":273,"Service.ResponseStatus":200,"SourceContext":"BancoBpi.Pluggable.API.Middlewares.MonitoringMiddleware","x-request-id":"00000000000000000000000000000000","x-api-context":"DefaultApiName","x-api-name":"DefaultApiName","x-api-major-version":"v1","RequestId":"8000006c-0000-fd00-b63f-84710c7967bb","RequestPath":"/CreditParticipantsAPI/v1/api-docs/index.html","MachineName":"DESKTOP-24KAF4Q","ThreadId":9,"SpanId":"|77305f1e-40e76c10bf267b4e.","TraceId":"77305f1e-40e76c10bf267b4e","ParentId":"","Application":"CreditParticipantsAPI"}
{"@t":"2021-11-10T17:24:30.5848848Z","@mt":"{HostingRequestFinishedLog:l}","@r":["Request finished HTTP/2 GET https://localhost:44301/CreditParticipantsAPI/v1/api-docs/index.html - - - 200 - text/html 324.4955ms"],"ElapsedMilliseconds":324.4955,"StatusCode":200,"ContentType":"text/html","ContentLength":null,"Protocol":"HTTP/2","Method":"GET","Scheme":"https","Host":"localhost:44301","PathBase":"","Path":"/CreditParticipantsAPI/v1/api-docs/index.html","QueryString":"","HostingRequestFinishedLog":"Request finished HTTP/2 GET https://localhost:44301/CreditParticipantsAPI/v1/api-docs/index.html - - - 200 - text/html 324.4955ms","EventId":{"Id":2,"Name":"RequestFinished"},"SourceContext":"Microsoft.AspNetCore.Hosting.Diagnostics","RequestId":"8000006c-0000-fd00-b63f-84710c7967bb","RequestPath":"/CreditParticipantsAPI/v1/api-docs/index.html","MachineName":"DESKTOP-24KAF4Q","ThreadId":4,"SpanId":"|77305f1e-40e76c10bf267b4e.","TraceId":"77305f1e-40e76c10bf267b4e","ParentId":"","Application":"CreditParticipantsAPI"}
{"@t":"2021-11-10T17:29:03.2145725Z","@mt":"{HostingRequestStartingLog:l}","@r":["Request starting HTTP/2 POST https://localhost:44301/CreditParticipantsAPI/v1/individuals application/json 186"],"Protocol":"HTTP/2","Method":"POST","ContentType":"application/json","ContentLength":186,"Scheme":"https","Host":"localhost:44301","PathBase":"","Path":"/CreditParticipantsAPI/v1/individuals","QueryString":"","HostingRequestStartingLog":"Request starting HTTP/2 POST https://localhost:44301/CreditParticipantsAPI/v1/individuals application/json 186","EventId":{"Id":1,"Name":"RequestStarting"},"SourceContext":"Microsoft.AspNetCore.Hosting.Diagnostics","RequestId":"8000006e-0000-fd00-b63f-84710c7967bb","RequestPath":"/CreditParticipantsAPI/v1/individuals","MachineName":"DESKTOP-24KAF4Q","ThreadId":5,"SpanId":"26db26962e192146","TraceId":"f66263d776541842bf82469726752724","ParentId":"0000000000000000","Application":"CreditParticipantsAPI"}
{"@t":"2021-11-10T17:29:03.2712233Z","@mt":"Executing endpoint '{EndpointName}'","EndpointName":"BancoBpi.CreditParticipantsAPI.API.ControllersImpl.ParticipantsController.PostIndividuals (BancoBpi.CreditParticipantsAPI.API)","EventId":{"Name":"ExecutingEndpoint"},"SourceContext":"Microsoft.AspNetCore.Routing.EndpointMiddleware","x-request-id":"f66263d776541842bf82469726752724","x-api-context":"DefaultApiName","x-api-name":"DefaultApiName","x-api-major-version":"v1","RequestId":"8000006e-0000-fd00-b63f-84710c7967bb","RequestPath":"/CreditParticipantsAPI/v1/individuals","MachineName":"DESKTOP-24KAF4Q","ThreadId":5,"SpanId":"26db26962e192146","TraceId":"f66263d776541842bf82469726752724","ParentId":"0000000000000000","Application":"CreditParticipantsAPI"}
{"@t":"2021-11-10T17:29:03.3415861Z","@mt":"Route matched with {RouteData}. Executing controller action with signature {MethodInfo} on controller {Controller} ({AssemblyName}).","RouteData":"{action = \"PostIndividuals\", controller = \"Participants\"}","MethodInfo":"System.Threading.Tasks.Task`1[Microsoft.AspNetCore.Mvc.IActionResult] PostIndividuals(BancoBpi.CreditParticipantsAPI.APIDomain.Models.IndividualParticipantInput)","Controller":"BancoBpi.CreditParticipantsAPI.API.ControllersImpl.ParticipantsController","AssemblyName":"BancoBpi.CreditParticipantsAPI.API","EventId":{"Id":3,"Name":"ControllerActionExecuting"},"SourceContext":"Microsoft.AspNetCore.Mvc.Infrastructure.ControllerActionInvoker","ActionId":"861570e5-9835-4bc7-a325-bd933f52d74e","ActionName":"BancoBpi.CreditParticipantsAPI.API.ControllersImpl.ParticipantsController.PostIndividuals (BancoBpi.CreditParticipantsAPI.API)","x-request-id":"f66263d776541842bf82469726752724","x-api-context":"DefaultApiName","x-api-name":"DefaultApiName","x-api-major-version":"v1","RequestId":"8000006e-0000-fd00-b63f-84710c7967bb","RequestPath":"/CreditParticipantsAPI/v1/individuals","MachineName":"DESKTOP-24KAF4Q","ThreadId":5,"SpanId":"26db26962e192146","TraceId":"f66263d776541842bf82469726752724","ParentId":"0000000000000000","Application":"CreditParticipantsAPI"}
{"@t":"2021-11-10T17:29:05.6428385Z","@mt":"Entity Framework Core {version} initialized '{contextType}' using provider '{provider}' with options: {options}","version":"5.0.9","contextType":"ApplicationContext","provider":"Npgsql.EntityFrameworkCore.PostgreSQL","options":"None","EventId":{"Id":10403,"Name":"Microsoft.EntityFrameworkCore.Infrastructure.ContextInitialized"},"SourceContext":"Microsoft.EntityFrameworkCore.Infrastructure","ActionId":"861570e5-9835-4bc7-a325-bd933f52d74e","ActionName":"BancoBpi.CreditParticipantsAPI.API.ControllersImpl.ParticipantsController.PostIndividuals (BancoBpi.CreditParticipantsAPI.API)","x-request-id":"f66263d776541842bf82469726752724","x-api-context":"DefaultApiName","x-api-name":"DefaultApiName","x-api-major-version":"v1","RequestId":"8000006e-0000-fd00-b63f-84710c7967bb","RequestPath":"/CreditParticipantsAPI/v1/individuals","MachineName":"DESKTOP-24KAF4Q","ThreadId":5,"SpanId":"26db26962e192146","TraceId":"f66263d776541842bf82469726752724","ParentId":"0000000000000000","Application":"CreditParticipantsAPI"}
{"@t":"2021-11-10T17:29:05.9355245Z","@mt":"Executing action method {ActionName} - Validation state: {ValidationState}","ActionName":"BancoBpi.CreditParticipantsAPI.API.ControllersImpl.ParticipantsController.PostIndividuals (BancoBpi.CreditParticipantsAPI.API)","ValidationState":"Valid","EventId":{"Id":1,"Name":"ActionMethodExecuting"},"SourceContext":"Microsoft.AspNetCore.Mvc.Infrastructure.ControllerActionInvoker","ActionId":"861570e5-9835-4bc7-a325-bd933f52d74e","x-request-id":"f66263d776541842bf82469726752724","x-api-context":"DefaultApiName","x-api-name":"DefaultApiName","x-api-major-version":"v1","RequestId":"8000006e-0000-fd00-b63f-84710c7967bb","RequestPath":"/CreditParticipantsAPI/v1/individuals","MachineName":"DESKTOP-24KAF4Q","ThreadId":5,"SpanId":"26db26962e192146","TraceId":"f66263d776541842bf82469726752724","ParentId":"0000000000000000","Application":"CreditParticipantsAPI"}
{"@t":"2021-11-10T17:29:10.1483059Z","@mt":"Executed DbCommand ({elapsed}ms) [Parameters=[{parameters}], CommandType='{commandType}', CommandTimeout='{commandTimeout}']{newLine}{commandText}","elapsed":"273","parameters":"@p0='?', @p1='?', @p2='?', @p3='?' (DbType = DateTime), @p4='?' (DbType = DateTime), @p5='?'","commandType":"Text","commandTimeout":30,"newLine":"\r\n","commandText":"INSERT INTO t_apicreditoparticipante (id, inseridopor, dados, datainclusao, dataalteracao, alteradopor)\r\nVALUES (@p0, @p1, @p2, @p3, @p4, @p5);","EventId":{"Id":20101,"Name":"Microsoft.EntityFrameworkCore.Database.Command.CommandExecuted"},"SourceContext":"Microsoft.EntityFrameworkCore.Database.Command","ActionId":"861570e5-9835-4bc7-a325-bd933f52d74e","ActionName":"BancoBpi.CreditParticipantsAPI.API.ControllersImpl.ParticipantsController.PostIndividuals (BancoBpi.CreditParticipantsAPI.API)","x-request-id":"f66263d776541842bf82469726752724","x-api-context":"DefaultApiName","x-api-name":"DefaultApiName","x-api-major-version":"v1","RequestId":"8000006e-0000-fd00-b63f-84710c7967bb","RequestPath":"/CreditParticipantsAPI/v1/individuals","MachineName":"DESKTOP-24KAF4Q","ThreadId":16,"SpanId":"26db26962e192146","TraceId":"f66263d776541842bf82469726752724","ParentId":"0000000000000000","Application":"CreditParticipantsAPI"}
{"@t":"2021-11-10T17:29:10.7462471Z","@mt":"Executed action method {ActionName}, returned result {ActionResult} in {ElapsedMilliseconds}ms.","ActionName":"BancoBpi.CreditParticipantsAPI.API.ControllersImpl.ParticipantsController.PostIndividuals (BancoBpi.CreditParticipantsAPI.API)","ActionResult":"Microsoft.AspNetCore.Mvc.OkObjectResult","ElapsedMilliseconds":4805.8546,"EventId":{"Id":2,"Name":"ActionMethodExecuted"},"SourceContext":"Microsoft.AspNetCore.Mvc.Infrastructure.ControllerActionInvoker","ActionId":"861570e5-9835-4bc7-a325-bd933f52d74e","x-request-id":"f66263d776541842bf82469726752724","x-api-context":"DefaultApiName","x-api-name":"DefaultApiName","x-api-major-version":"v1","RequestId":"8000006e-0000-fd00-b63f-84710c7967bb","RequestPath":"/CreditParticipantsAPI/v1/individuals","MachineName":"DESKTOP-24KAF4Q","ThreadId":16,"SpanId":"26db26962e192146","TraceId":"f66263d776541842bf82469726752724","ParentId":"0000000000000000","Application":"CreditParticipantsAPI"}
{"@t":"2021-11-10T17:29:10.7653380Z","@mt":"Executing {ObjectResultType}, writing value of type '{Type}'.","ObjectResultType":"OkObjectResult","Type":"BancoBpi.CreditParticipantsAPI.APIDomain.Models.IndividualParticipantOutputDetailed","EventId":{"Id":1,"Name":"ObjectResultExecuting"},"SourceContext":"Microsoft.AspNetCore.Mvc.Infrastructure.ObjectResultExecutor","ActionId":"861570e5-9835-4bc7-a325-bd933f52d74e","ActionName":"BancoBpi.CreditParticipantsAPI.API.ControllersImpl.ParticipantsController.PostIndividuals (BancoBpi.CreditParticipantsAPI.API)","x-request-id":"f66263d776541842bf82469726752724","x-api-context":"DefaultApiName","x-api-name":"DefaultApiName","x-api-major-version":"v1","RequestId":"8000006e-0000-fd00-b63f-84710c7967bb","RequestPath":"/CreditParticipantsAPI/v1/individuals","MachineName":"DESKTOP-24KAF4Q","ThreadId":16,"SpanId":"26db26962e192146","TraceId":"f66263d776541842bf82469726752724","ParentId":"0000000000000000","Application":"CreditParticipantsAPI"}
{"@t":"2021-11-10T17:29:10.9472698Z","@mt":"Executed action {ActionName} in {ElapsedMilliseconds}ms","ActionName":"BancoBpi.CreditParticipantsAPI.API.ControllersImpl.ParticipantsController.PostIndividuals (BancoBpi.CreditParticipantsAPI.API)","ElapsedMilliseconds":7597.2278,"EventId":{"Id":2,"Name":"ActionExecuted"},"SourceContext":"Microsoft.AspNetCore.Mvc.Infrastructure.ControllerActionInvoker","ActionId":"861570e5-9835-4bc7-a325-bd933f52d74e","x-request-id":"f66263d776541842bf82469726752724","x-api-context":"DefaultApiName","x-api-name":"DefaultApiName","x-api-major-version":"v1","RequestId":"8000006e-0000-fd00-b63f-84710c7967bb","RequestPath":"/CreditParticipantsAPI/v1/individuals","MachineName":"DESKTOP-24KAF4Q","ThreadId":16,"SpanId":"26db26962e192146","TraceId":"f66263d776541842bf82469726752724","ParentId":"0000000000000000","Application":"CreditParticipantsAPI"}
{"@t":"2021-11-10T17:29:10.9486459Z","@mt":"Executed endpoint '{EndpointName}'","EndpointName":"BancoBpi.CreditParticipantsAPI.API.ControllersImpl.ParticipantsController.PostIndividuals (BancoBpi.CreditParticipantsAPI.API)","EventId":{"Id":1,"Name":"ExecutedEndpoint"},"SourceContext":"Microsoft.AspNetCore.Routing.EndpointMiddleware","x-request-id":"f66263d776541842bf82469726752724","x-api-context":"DefaultApiName","x-api-name":"DefaultApiName","x-api-major-version":"v1","RequestId":"8000006e-0000-fd00-b63f-84710c7967bb","RequestPath":"/CreditParticipantsAPI/v1/individuals","MachineName":"DESKTOP-24KAF4Q","ThreadId":16,"SpanId":"26db26962e192146","TraceId":"f66263d776541842bf82469726752724","ParentId":"0000000000000000","Application":"CreditParticipantsAPI"}
{"@t":"2021-11-10T17:29:10.9498232Z","@mt":"Pluggable: {Service.TimeTaken} {Service.ResponseStatus}","Service.TimeTaken":7733,"Service.ResponseStatus":200,"SourceContext":"BancoBpi.Pluggable.API.Middlewares.MonitoringMiddleware","x-request-id":"f66263d776541842bf82469726752724","x-api-context":"DefaultApiName","x-api-name":"DefaultApiName","x-api-major-version":"v1","RequestId":"8000006e-0000-fd00-b63f-84710c7967bb","RequestPath":"/CreditParticipantsAPI/v1/individuals","MachineName":"DESKTOP-24KAF4Q","ThreadId":16,"SpanId":"26db26962e192146","TraceId":"f66263d776541842bf82469726752724","ParentId":"0000000000000000","Application":"CreditParticipantsAPI"}
{"@t":"2021-11-10T17:29:10.9744995Z","@mt":"{HostingRequestFinishedLog:l}","@r":["Request finished HTTP/2 POST https://localhost:44301/CreditParticipantsAPI/v1/individuals application/json 186 - 200 395 application/json;+charset=utf-8 7759.9326ms"],"ElapsedMilliseconds":7759.9326,"StatusCode":200,"ContentType":"application/json; charset=utf-8","ContentLength":395,"Protocol":"HTTP/2","Method":"POST","Scheme":"https","Host":"localhost:44301","PathBase":"","Path":"/CreditParticipantsAPI/v1/individuals","QueryString":"","HostingRequestFinishedLog":"Request finished HTTP/2 POST https://localhost:44301/CreditParticipantsAPI/v1/individuals application/json 186 - 200 395 application/json;+charset=utf-8 7759.9326ms","EventId":{"Id":2,"Name":"RequestFinished"},"SourceContext":"Microsoft.AspNetCore.Hosting.Diagnostics","RequestId":"8000006e-0000-fd00-b63f-84710c7967bb","RequestPath":"/CreditParticipantsAPI/v1/individuals","MachineName":"DESKTOP-24KAF4Q","ThreadId":14,"SpanId":"26db26962e192146","TraceId":"f66263d776541842bf82469726752724","ParentId":"0000000000000000","Application":"CreditParticipantsAPI"}
{"@t":"2021-11-10T17:42:46.5995090Z","@mt":"{HostingRequestStartingLog:l}","@r":["Request starting HTTP/2 GET https://localhost:44301/CreditParticipantsAPI/v1/individuals/499509e6-d091-4296-a791-16240777d242 application/json 0"],"Protocol":"HTTP/2","Method":"GET","ContentType":"application/json","ContentLength":0,"Scheme":"https","Host":"localhost:44301","PathBase":"","Path":"/CreditParticipantsAPI/v1/individuals/499509e6-d091-4296-a791-16240777d242","QueryString":"","HostingRequestStartingLog":"Request starting HTTP/2 GET https://localhost:44301/CreditParticipantsAPI/v1/individuals/499509e6-d091-4296-a791-16240777d242 application/json 0","EventId":{"Id":1,"Name":"RequestStarting"},"SourceContext":"Microsoft.AspNetCore.Hosting.Diagnostics","RequestId":"8000013e-0000-fb00-b63f-84710c7967bb","RequestPath":"/CreditParticipantsAPI/v1/individuals/499509e6-d091-4296-a791-16240777d242","MachineName":"DESKTOP-24KAF4Q","ThreadId":11,"SpanId":"afa585bcefa9454c","TraceId":"3fb0321f7435c2489e3b422b577fa21f","ParentId":"0000000000000000","Application":"CreditParticipantsAPI"}
{"@t":"2021-11-10T17:42:46.6100446Z","@mt":"Executing endpoint '{EndpointName}'","EndpointName":"BancoBpi.CreditParticipantsAPI.API.ControllersImpl.ParticipantsController.GetIndividualsId (BancoBpi.CreditParticipantsAPI.API)","EventId":{"Name":"ExecutingEndpoint"},"SourceContext":"Microsoft.AspNetCore.Routing.EndpointMiddleware","x-request-id":"3fb0321f7435c2489e3b422b577fa21f","x-api-context":"DefaultApiName","x-api-name":"DefaultApiName","x-api-major-version":"v1","RequestId":"8000013e-0000-fb00-b63f-84710c7967bb","RequestPath":"/CreditParticipantsAPI/v1/individuals/499509e6-d091-4296-a791-16240777d242","MachineName":"DESKTOP-24KAF4Q","ThreadId":11,"SpanId":"afa585bcefa9454c","TraceId":"3fb0321f7435c2489e3b422b577fa21f","ParentId":"0000000000000000","Application":"CreditParticipantsAPI"}
{"@t":"2021-11-10T17:42:46.6198956Z","@mt":"Route matched with {RouteData}. Executing controller action with signature {MethodInfo} on controller {Controller} ({AssemblyName}).","RouteData":"{action = \"GetIndividualsId\", controller = \"Participants\"}","MethodInfo":"System.Threading.Tasks.Task`1[Microsoft.AspNetCore.Mvc.IActionResult] GetIndividualsId(System.String)","Controller":"BancoBpi.CreditParticipantsAPI.API.ControllersImpl.ParticipantsController","AssemblyName":"BancoBpi.CreditParticipantsAPI.API","EventId":{"Id":3,"Name":"ControllerActionExecuting"},"SourceContext":"Microsoft.AspNetCore.Mvc.Infrastructure.ControllerActionInvoker","ActionId":"8d5f1b8f-caa0-4b5b-8235-4852c2a6c390","ActionName":"BancoBpi.CreditParticipantsAPI.API.ControllersImpl.ParticipantsController.GetIndividualsId (BancoBpi.CreditParticipantsAPI.API)","x-request-id":"3fb0321f7435c2489e3b422b577fa21f","x-api-context":"DefaultApiName","x-api-name":"DefaultApiName","x-api-major-version":"v1","RequestId":"8000013e-0000-fb00-b63f-84710c7967bb","RequestPath":"/CreditParticipantsAPI/v1/individuals/499509e6-d091-4296-a791-16240777d242","MachineName":"DESKTOP-24KAF4Q","ThreadId":11,"SpanId":"afa585bcefa9454c","TraceId":"3fb0321f7435c2489e3b422b577fa21f","ParentId":"0000000000000000","Application":"CreditParticipantsAPI"}
{"@t":"2021-11-10T17:42:46.6708492Z","@mt":"Entity Framework Core {version} initialized '{contextType}' using provider '{provider}' with options: {options}","version":"5.0.9","contextType":"ApplicationContext","provider":"Npgsql.EntityFrameworkCore.PostgreSQL","options":"None","EventId":{"Id":10403,"Name":"Microsoft.EntityFrameworkCore.Infrastructure.ContextInitialized"},"SourceContext":"Microsoft.EntityFrameworkCore.Infrastructure","ActionId":"8d5f1b8f-caa0-4b5b-8235-4852c2a6c390","ActionName":"BancoBpi.CreditParticipantsAPI.API.ControllersImpl.ParticipantsController.GetIndividualsId (BancoBpi.CreditParticipantsAPI.API)","x-request-id":"3fb0321f7435c2489e3b422b577fa21f","x-api-context":"DefaultApiName","x-api-name":"DefaultApiName","x-api-major-version":"v1","RequestId":"8000013e-0000-fb00-b63f-84710c7967bb","RequestPath":"/CreditParticipantsAPI/v1/individuals/499509e6-d091-4296-a791-16240777d242","MachineName":"DESKTOP-24KAF4Q","ThreadId":11,"SpanId":"afa585bcefa9454c","TraceId":"3fb0321f7435c2489e3b422b577fa21f","ParentId":"0000000000000000","Application":"CreditParticipantsAPI"}
{"@t":"2021-11-10T17:42:46.6746946Z","@mt":"Executing action method {ActionName} - Validation state: {ValidationState}","ActionName":"BancoBpi.CreditParticipantsAPI.API.ControllersImpl.ParticipantsController.GetIndividualsId (BancoBpi.CreditParticipantsAPI.API)","ValidationState":"Valid","EventId":{"Id":1,"Name":"ActionMethodExecuting"},"SourceContext":"Microsoft.AspNetCore.Mvc.Infrastructure.ControllerActionInvoker","ActionId":"8d5f1b8f-caa0-4b5b-8235-4852c2a6c390","x-request-id":"3fb0321f7435c2489e3b422b577fa21f","x-api-context":"DefaultApiName","x-api-name":"DefaultApiName","x-api-major-version":"v1","RequestId":"8000013e-0000-fb00-b63f-84710c7967bb","RequestPath":"/CreditParticipantsAPI/v1/individuals/499509e6-d091-4296-a791-16240777d242","MachineName":"DESKTOP-24KAF4Q","ThreadId":11,"SpanId":"afa585bcefa9454c","TraceId":"3fb0321f7435c2489e3b422b577fa21f","ParentId":"0000000000000000","Application":"CreditParticipantsAPI"}
{"@t":"2021-11-10T17:42:49.0761493Z","@mt":"Executed DbCommand ({elapsed}ms) [Parameters=[{parameters}], CommandType='{commandType}', CommandTimeout='{commandTimeout}']{newLine}{commandText}","elapsed":"263","parameters":"@__p_0='?'","commandType":"Text","commandTimeout":30,"newLine":"\r\n","commandText":"SELECT t.id, t.inseridopor, t.dados, t.datainclusao, t.dataalteracao, t.alteradopor\r\nFROM t_apicreditoparticipante AS t\r\nWHERE t.id = @__p_0\r\nLIMIT 1","EventId":{"Id":20101,"Name":"Microsoft.EntityFrameworkCore.Database.Command.CommandExecuted"},"SourceContext":"Microsoft.EntityFrameworkCore.Database.Command","ActionId":"8d5f1b8f-caa0-4b5b-8235-4852c2a6c390","ActionName":"BancoBpi.CreditParticipantsAPI.API.ControllersImpl.ParticipantsController.GetIndividualsId (BancoBpi.CreditParticipantsAPI.API)","x-request-id":"3fb0321f7435c2489e3b422b577fa21f","x-api-context":"DefaultApiName","x-api-name":"DefaultApiName","x-api-major-version":"v1","RequestId":"8000013e-0000-fb00-b63f-84710c7967bb","RequestPath":"/CreditParticipantsAPI/v1/individuals/499509e6-d091-4296-a791-16240777d242","MachineName":"DESKTOP-24KAF4Q","ThreadId":22,"SpanId":"afa585bcefa9454c","TraceId":"3fb0321f7435c2489e3b422b577fa21f","ParentId":"0000000000000000","Application":"CreditParticipantsAPI"}
{"@t":"2021-11-10T17:42:49.1434491Z","@mt":"Executed action method {ActionName}, returned result {ActionResult} in {ElapsedMilliseconds}ms.","ActionName":"BancoBpi.CreditParticipantsAPI.API.ControllersImpl.ParticipantsController.GetIndividualsId (BancoBpi.CreditParticipantsAPI.API)","ActionResult":"Microsoft.AspNetCore.Mvc.OkObjectResult","ElapsedMilliseconds":2468.5604,"EventId":{"Id":2,"Name":"ActionMethodExecuted"},"SourceContext":"Microsoft.AspNetCore.Mvc.Infrastructure.ControllerActionInvoker","ActionId":"8d5f1b8f-caa0-4b5b-8235-4852c2a6c390","x-request-id":"3fb0321f7435c2489e3b422b577fa21f","x-api-context":"DefaultApiName","x-api-name":"DefaultApiName","x-api-major-version":"v1","RequestId":"8000013e-0000-fb00-b63f-84710c7967bb","RequestPath":"/CreditParticipantsAPI/v1/individuals/499509e6-d091-4296-a791-16240777d242","MachineName":"DESKTOP-24KAF4Q","ThreadId":22,"SpanId":"afa585bcefa9454c","TraceId":"3fb0321f7435c2489e3b422b577fa21f","ParentId":"0000000000000000","Application":"CreditParticipantsAPI"}
{"@t":"2021-11-10T17:42:49.1444151Z","@mt":"Executing {ObjectResultType}, writing value of type '{Type}'.","ObjectResultType":"OkObjectResult","Type":"BancoBpi.CreditParticipantsAPI.APIDomain.Models.IndividualParticipantOutputDetailed","EventId":{"Id":1,"Name":"ObjectResultExecuting"},"SourceContext":"Microsoft.AspNetCore.Mvc.Infrastructure.ObjectResultExecutor","ActionId":"8d5f1b8f-caa0-4b5b-8235-4852c2a6c390","ActionName":"BancoBpi.CreditParticipantsAPI.API.ControllersImpl.ParticipantsController.GetIndividualsId (BancoBpi.CreditParticipantsAPI.API)","x-request-id":"3fb0321f7435c2489e3b422b577fa21f","x-api-context":"DefaultApiName","x-api-name":"DefaultApiName","x-api-major-version":"v1","RequestId":"8000013e-0000-fb00-b63f-84710c7967bb","RequestPath":"/CreditParticipantsAPI/v1/individuals/499509e6-d091-4296-a791-16240777d242","MachineName":"DESKTOP-24KAF4Q","ThreadId":22,"SpanId":"afa585bcefa9454c","TraceId":"3fb0321f7435c2489e3b422b577fa21f","ParentId":"0000000000000000","Application":"CreditParticipantsAPI"}
{"@t":"2021-11-10T17:42:49.1464945Z","@mt":"Executed action {ActionName} in {ElapsedMilliseconds}ms","ActionName":"BancoBpi.CreditParticipantsAPI.API.ControllersImpl.ParticipantsController.GetIndividualsId (BancoBpi.CreditParticipantsAPI.API)","ElapsedMilliseconds":2526.4199,"EventId":{"Id":2,"Name":"ActionExecuted"},"SourceContext":"Microsoft.AspNetCore.Mvc.Infrastructure.ControllerActionInvoker","ActionId":"8d5f1b8f-caa0-4b5b-8235-4852c2a6c390","x-request-id":"3fb0321f7435c2489e3b422b577fa21f","x-api-context":"DefaultApiName","x-api-name":"DefaultApiName","x-api-major-version":"v1","RequestId":"8000013e-0000-fb00-b63f-84710c7967bb","RequestPath":"/CreditParticipantsAPI/v1/individuals/499509e6-d091-4296-a791-16240777d242","MachineName":"DESKTOP-24KAF4Q","ThreadId":22,"SpanId":"afa585bcefa9454c","TraceId":"3fb0321f7435c2489e3b422b577fa21f","ParentId":"0000000000000000","Application":"CreditParticipantsAPI"}
{"@t":"2021-11-10T17:42:49.1467136Z","@mt":"Executed endpoint '{EndpointName}'","EndpointName":"BancoBpi.CreditParticipantsAPI.API.ControllersImpl.ParticipantsController.GetIndividualsId (BancoBpi.CreditParticipantsAPI.API)","EventId":{"Id":1,"Name":"ExecutedEndpoint"},"SourceContext":"Microsoft.AspNetCore.Routing.EndpointMiddleware","x-request-id":"3fb0321f7435c2489e3b422b577fa21f","x-api-context":"DefaultApiName","x-api-name":"DefaultApiName","x-api-major-version":"v1","RequestId":"8000013e-0000-fb00-b63f-84710c7967bb","RequestPath":"/CreditParticipantsAPI/v1/individuals/499509e6-d091-4296-a791-16240777d242","MachineName":"DESKTOP-24KAF4Q","ThreadId":22,"SpanId":"afa585bcefa9454c","TraceId":"3fb0321f7435c2489e3b422b577fa21f","ParentId":"0000000000000000","Application":"CreditParticipantsAPI"}
{"@t":"2021-11-10T17:42:49.1468765Z","@mt":"Pluggable: {Service.TimeTaken} {Service.ResponseStatus}","Service.TimeTaken":2538,"Service.ResponseStatus":200,"SourceContext":"BancoBpi.Pluggable.API.Middlewares.MonitoringMiddleware","x-request-id":"3fb0321f7435c2489e3b422b577fa21f","x-api-context":"DefaultApiName","x-api-name":"DefaultApiName","x-api-major-version":"v1","RequestId":"8000013e-0000-fb00-b63f-84710c7967bb","RequestPath":"/CreditParticipantsAPI/v1/individuals/499509e6-d091-4296-a791-16240777d242","MachineName":"DESKTOP-24KAF4Q","ThreadId":22,"SpanId":"afa585bcefa9454c","TraceId":"3fb0321f7435c2489e3b422b577fa21f","ParentId":"0000000000000000","Application":"CreditParticipantsAPI"}
{"@t":"2021-11-10T17:42:49.1478764Z","@mt":"{HostingRequestFinishedLog:l}","@r":["Request finished HTTP/2 GET https://localhost:44301/CreditParticipantsAPI/v1/individuals/499509e6-d091-4296-a791-16240777d242 application/json 0 - 200 781 application/json;+charset=utf-8 2549.2323ms"],"ElapsedMilliseconds":2549.2323,"StatusCode":200,"ContentType":"application/json; charset=utf-8","ContentLength":781,"Protocol":"HTTP/2","Method":"GET","Scheme":"https","Host":"localhost:44301","PathBase":"","Path":"/CreditParticipantsAPI/v1/individuals/499509e6-d091-4296-a791-16240777d242","QueryString":"","HostingRequestFinishedLog":"Request finished HTTP/2 GET https://localhost:44301/CreditParticipantsAPI/v1/individuals/499509e6-d091-4296-a791-16240777d242 application/json 0 - 200 781 application/json;+charset=utf-8 2549.2323ms","EventId":{"Id":2,"Name":"RequestFinished"},"SourceContext":"Microsoft.AspNetCore.Hosting.Diagnostics","RequestId":"8000013e-0000-fb00-b63f-84710c7967bb","RequestPath":"/CreditParticipantsAPI/v1/individuals/499509e6-d091-4296-a791-16240777d242","MachineName":"DESKTOP-24KAF4Q","ThreadId":20,"SpanId":"afa585bcefa9454c","TraceId":"3fb0321f7435c2489e3b422b577fa21f","ParentId":"0000000000000000","Application":"CreditParticipantsAPI"}
