<?xml version="1.0" encoding="utf-8"?>
<deploymentButlerManifest>
	<environment name="development">
		<copyServiceFiles prefix="ssite" name="" apppool="CreditParticipantsAPI-v1" alias="SVC-Comuns-5x-DEV" serviceFolder="E:\NETDADOS\Services\Global\477-CREDPART\v1">
			<copyFile sourceFolder="Site-CreditParticipantsAPI" ignoreDir="" sync="1" />
			<moveFile sourceFile="Config\appsettings.development.json" destinationFile="appsettings.json" />
		</copyServiceFiles>
		<managesite prefix="ssite" alias="SVC-Comuns-5x-DEV" log="yes">
			<applicationpool name="CreditParticipantsAPI-v1" user="SCENTRAIS\USER_DESENVOLVIMENTO" identitytype="SpecificUser" dotNetVersion="" managedPipelineMode="Classic" privateMemory="4194304" startMode="AlwaysRunning"/>
			<site name="GlobalWS40" url="global40.services.desenv.gbpiweb.loc">
				<virtualDirectory alias="credit-participants-api" path="E:\NETDADOS\Services\Global\Empty" redirectionUrl="" anonymousAuth="true" basicAuth="false" windowsAuth="false" />
				<application alias="credit-participants-api/v1" appPool="CreditParticipantsAPI-v1" path="E:\NETDADOS\Services\Global\477-CREDPART\v1" redirectionUrl="" anonymousAuth="true" basicAuth="false" windowsAuth="true"/>
			</site>
		</managesite>
	</environment>

	<environment name="staging">
		<copyServiceFiles prefix="ssite" name="" apppool="CreditParticipantsAPI-v1" alias="SVC-Comuns-5x-QLD" serviceFolder="E:\NETDADOS\Services\Global\477-CREDPART\v1">
			<copyFile sourceFolder="Site-CreditParticipantsAPI" ignoreDir="" sync="1" />
			<moveFile sourceFile="Config\appsettings.staging.json" destinationFile="appsettings.json" />
		</copyServiceFiles>
		<managesite prefix="ssite" alias="SVC-Comuns-5x-QLD" log="yes">
			<applicationpool name="CreditParticipantsAPI-v1" user="SCENTRAIS\USER_QUALIDADE" identitytype="SpecificUser" dotNetVersion="" managedPipelineMode="Classic" privateMemory="4194304" startMode="AlwaysRunning"/>
			<site name="GlobalWS40" url="global40.services.qualidade.gbpiweb.loc">
				<virtualDirectory alias="credit-participants-api" path="E:\NETDADOS\Services\Global\Empty" redirectionUrl="" anonymousAuth="true" basicAuth="false" windowsAuth="false" />
				<application alias="credit-participants-api/v1" appPool="CreditParticipantsAPI-v1" redirectionUrl="" anonymousAuth="true" basicAuth="false" windowsAuth="true"/>
			</site>
		</managesite>
	</environment>
	<environment name="Mid.pre-production">
		<copyServiceFiles prefix="ssite" name="" apppool="CreditParticipantsAPI-v1" alias="SVC-Comuns-5x-PRE" serviceFolder="E:\NETDADOS\Services\Global\477-CREDPART\v1">
			<copyFile sourceFolder="Site-CreditParticipantsAPI" ignoreDir="" sync="1" />
			<moveFile sourceFile="Config\appsettings.preproduction.json" destinationFile="appsettings.json" />
		</copyServiceFiles>
		<managesite prefix="ssite" alias="SVC-Comuns-5x-PRE" log="yes">
			<applicationpool name="CreditParticipantsAPI-v1" user="SCENTRAIS\USER_PRE_PRODUCAO" identitytype="SpecificUser" dotNetVersion="" managedPipelineMode="Classic" privateMemory="4194304" startMode="AlwaysRunning"/>
			<site name="WebServicesGlobal4" url="global40.services.preproducao.gbpiweb.loc">
				<virtualDirectory alias="credit-participants-api" path="E:\NETDADOS\Services\Global\Empty" redirectionUrl="" anonymousAuth="true" basicAuth="false" windowsAuth="false" />
				<application alias="credit-participants-api/v1" appPool="CreditParticipantsAPI-v1" path="E:\NETDADOS\Services\Global\477-CREDPART\v1" redirectionUrl="" anonymousAuth="true" basicAuth="false" windowsAuth="true"/>
			</site>
		</managesite>
	</environment>

	<environment name="Mid.production">
		<copyServiceFiles prefix="ssite" name="" apppool="CreditParticipantsAPI-v1" alias="SVC-Comuns-5x-PRD" serviceFolder="E:\NETDADOS\Services\Global\477-CREDPART\v1">
			<copyFile sourceFolder="Site-CreditParticipantsAPI" ignoreDir="" sync="1" />
			<moveFile sourceFile="Config\appsettings.production.json" destinationFile="appsettings.json" />
		</copyServiceFiles>
		<managesite prefix="ssite" alias="SVC-Comuns-5x-PRD" log="yes">
			<applicationpool name="CreditParticipantsAPI-v1" user="SCENTRAIS\USER_PRE_PRODUCAO" identitytype="SpecificUser" dotNetVersion="" managedPipelineMode="Classic" privateMemory="4194304" startMode="AlwaysRunning"/>
			<site name="WebServicesGlobal4" url="global40.services.gbpiweb.loc">
				<virtualDirectory alias="credit-participants-api" path="E:\NETDADOS\Services\Global\Empty" redirectionUrl="" anonymousAuth="true" basicAuth="false" windowsAuth="false" />
				<application alias="credit-participants-api/v1" appPool="CreditParticipantsAPI-v1" path="E:\NETDADOS\Services\Global\477-CREDPART\v1" redirectionUrl="" anonymousAuth="true" basicAuth="false" windowsAuth="true"/>
			</site>
		</managesite>
	</environment>
</deploymentButlerManifest>
